timestamp,cpu_usage_pct,ram_usage_pct,process_count,mode
2026-03-10 16:16:40.921065,15.6,31.3,28,idle
2026-03-10 16:16:45.922381,1.1,31.4,31,idle
2026-03-10 16:16:50.923550,0.4,31.4,28,idle
2026-03-10 16:16:55.924501,0.6,31.4,28,idle
2026-03-10 16:17:00.925742,0.4,31.4,28,idle
2026-03-10 16:17:05.927259,0.7,31.3,28,idle
2026-03-10 16:17:10.928083,0.8,31.4,28,idle
2026-03-10 16:17:15.928970,0.5,31.4,28,idle
2026-03-10 16:17:20.929920,0.7,31.4,28,idle
2026-03-10 16:17:25.931002,1.0,31.4,28,idle
2026-03-10 16:17:30.932057,1.0,31.4,28,idle
2026-03-10 16:17:35.933062,1.2,31.4,28,idle
2026-03-10 16:17:40.934121,1.4,31.4,28,idle
2026-03-10 16:17:45.935679,0.5,31.4,28,idle
2026-03-10 16:17:50.937354,0.3,31.4,28,idle
2026-03-10 16:17:55.938469,0.4,31.4,28,idle
2026-03-10 16:18:00.939391,0.3,31.4,28,idle
2026-03-10 16:18:05.940452,0.5,31.5,31,idle
2026-03-10 16:18:10.941398,0.4,31.4,28,idle
2026-03-10 16:18:15.942484,0.3,31.4,28,idle
2026-03-10 16:18:20.944087,0.3,31.4,28,idle
2026-03-10 16:18:25.945578,0.3,31.4,28,idle
2026-03-10 16:18:30.946712,0.3,31.4,28,idle
2026-03-10 16:18:35.947696,0.4,31.5,28,idle
2026-03-10 16:18:40.948721,0.3,31.5,28,idle
2026-03-10 16:18:45.949666,0.4,31.5,28,idle
2026-03-10 16:18:50.950520,1.0,31.4,28,idle
2026-03-10 16:18:55.951406,0.7,31.4,28,idle
2026-03-10 16:19:00.952432,0.4,31.5,28,idle
2026-03-10 16:19:05.953427,0.5,31.5,28,idle
2026-03-10 16:19:10.954674,0.6,31.4,28,idle
2026-03-10 16:19:15.955831,0.5,31.4,28,idle
2026-03-10 16:19:20.957414,0.4,31.4,28,idle
2026-03-10 16:19:25.959132,0.4,31.4,28,idle
2026-03-10 16:19:30.959970,0.5,31.5,28,idle
2026-03-10 16:19:35.961000,0.4,31.4,28,idle
2026-03-10 16:19:40.961957,0.4,31.4,28,idle
2026-03-10 16:19:45.963023,0.4,31.4,28,idle
2026-03-10 16:19:50.964112,0.4,31.4,28,idle
2026-03-10 16:19:55.965080,0.4,31.5,28,idle
2026-03-10 16:20:00.966071,0.4,31.4,28,idle
2026-03-10 16:20:05.967268,0.4,31.4,28,idle
2026-03-10 16:20:10.968520,0.7,31.4,28,idle
2026-03-10 16:20:15.969485,0.3,31.5,28,idle
2026-03-10 16:20:20.970817,0.5,31.5,28,idle
2026-03-10 16:20:25.971989,0.5,31.4,28,idle
2026-03-10 16:20:30.973384,0.3,31.5,28,idle
2026-03-10 16:20:35.974392,0.5,31.4,28,idle
2026-03-10 16:20:40.975243,0.3,31.5,28,idle
2026-03-10 16:20:45.976788,0.4,31.5,28,idle
2026-03-10 16:20:50.978262,0.5,31.4,28,idle
2026-03-10 16:20:55.979345,0.3,31.4,28,idle
2026-03-10 16:21:00.980591,0.3,31.4,28,idle
2026-03-10 16:21:05.981381,0.3,31.4,28,idle
2026-03-10 16:21:10.982441,0.4,31.4,28,idle
2026-03-10 16:21:15.983223,0.4,31.5,28,idle
2026-03-10 16:21:20.984340,0.4,31.5,28,idle
2026-03-10 16:21:25.985204,0.5,31.5,28,idle
2026-03-10 16:21:30.986297,0.4,31.4,28,idle
2026-03-10 16:21:35.987529,0.3,31.4,28,idle
2026-03-10 16:21:40.988555,0.4,31.5,28,idle
2026-03-10 16:21:45.989531,0.3,31.4,28,idle
2026-03-10 16:21:50.990924,0.3,31.5,30,idle
2026-03-10 16:21:55.991843,0.5,31.4,28,idle
2026-03-10 16:22:00.992874,0.4,31.5,28,idle
2026-03-10 16:22:05.993686,0.3,31.4,28,idle
2026-03-10 16:22:10.994726,0.3,31.4,28,idle
2026-03-10 16:22:15.995690,0.4,31.4,28,idle
2026-03-10 16:22:20.996713,0.4,31.4,28,idle
2026-03-10 16:22:25.998355,0.4,31.4,28,idle
2026-03-10 16:22:30.999288,0.3,31.4,28,idle
2026-03-10 16:22:36.000300,0.5,31.4,28,idle
2026-03-10 16:22:41.001353,0.4,31.5,29,idle
2026-03-10 16:22:46.002169,0.4,31.5,28,idle
2026-03-10 16:22:51.003360,0.3,31.5,28,idle
2026-03-10 16:22:56.004360,0.3,31.5,28,idle
2026-03-10 16:23:01.005238,0.3,31.4,28,idle
2026-03-10 16:23:06.006390,1.3,30.8,25,idle
2026-03-10 16:32:19.160750,0.8,31.0,28,idle
2026-03-10 16:32:24.161505,0.2,30.9,28,idle
2026-03-10 16:32:29.162532,0.7,30.9,28,idle
2026-03-10 16:32:34.163726,0.4,31.0,28,idle
2026-03-10 16:32:39.164725,0.3,31.0,28,idle
2026-03-10 16:32:44.165648,0.3,31.0,28,idle
2026-03-10 16:32:49.166655,0.3,31.0,28,idle
2026-03-10 16:32:54.167657,0.2,31.0,28,idle
2026-03-10 16:32:59.169000,0.2,31.0,28,idle
2026-03-10 16:33:04.170494,0.3,31.0,28,idle
2026-03-10 16:33:09.172019,0.2,31.0,28,idle
2026-03-10 16:33:14.173153,0.3,31.0,28,idle
2026-03-10 16:33:19.174647,0.2,31.0,28,idle
2026-03-10 16:33:24.176464,0.3,31.0,28,idle
2026-03-10 16:33:29.177418,0.2,31.0,28,idle
2026-03-10 16:33:34.178307,0.1,31.0,28,idle
2026-03-10 16:33:39.179192,0.2,31.0,28,idle
2026-03-10 16:33:44.180176,0.2,30.9,28,idle
2026-03-10 16:33:49.181257,0.3,31.0,28,idle
2026-03-10 16:33:54.182545,0.2,31.0,28,idle
2026-03-10 16:33:59.183734,0.2,31.0,28,idle
2026-03-10 16:34:04.184780,0.2,31.0,30,idle
2026-03-10 16:34:09.185657,0.5,31.0,28,idle
2026-03-10 16:34:14.186555,0.1,31.0,28,idle
2026-03-10 16:34:19.187533,0.3,31.0,28,idle
2026-03-10 16:34:24.188490,0.3,31.0,28,idle
2026-03-10 16:34:29.189659,0.2,31.0,28,idle
2026-03-10 16:34:34.190442,0.3,31.0,28,idle
2026-03-10 16:34:39.191482,0.1,31.0,28,idle
2026-03-10 16:34:44.192536,0.2,31.0,28,idle
2026-03-10 16:34:49.193610,0.2,31.0,28,idle
2026-03-10 16:34:54.195039,0.3,31.0,28,idle
2026-03-10 16:34:59.196077,0.2,31.0,28,idle
2026-03-10 16:35:04.197332,0.2,31.0,28,idle
2026-03-10 16:35:09.198370,0.2,31.0,28,idle
2026-03-10 16:35:14.199512,0.3,31.0,28,idle
2026-03-10 16:35:19.200482,0.3,31.0,28,idle
2026-03-10 16:35:24.201920,0.1,31.0,28,idle
2026-03-10 16:35:29.203193,0.3,31.0,28,idle
2026-03-10 16:35:34.204482,0.1,31.0,28,idle
2026-03-10 16:35:39.206060,0.3,31.0,28,idle
2026-03-10 16:35:44.207055,0.2,31.0,28,idle
2026-03-10 16:35:49.208695,0.3,31.0,28,idle
2026-03-10 16:35:54.209659,0.2,31.0,28,idle
2026-03-10 16:35:59.210823,0.4,31.0,28,idle
2026-03-10 16:36:04.211818,0.2,31.1,28,idle
2026-03-10 16:36:09.212482,0.2,31.0,28,idle
2026-03-10 16:36:14.213607,0.3,31.0,28,idle
2026-03-10 16:36:19.214452,0.3,31.0,28,idle
2026-03-10 16:36:24.215454,0.3,31.0,28,idle
2026-03-10 16:36:29.216666,0.2,31.0,28,idle
2026-03-10 16:36:34.217959,0.3,31.0,28,idle
2026-03-10 16:36:39.219227,0.1,31.0,28,idle
2026-03-10 16:36:44.220020,0.3,31.0,28,idle
2026-03-10 16:36:49.220973,0.2,31.0,28,idle
2026-03-10 16:36:54.221934,0.3,31.0,28,idle
2026-03-10 16:36:59.222754,0.2,31.0,28,idle
2026-03-10 16:37:04.223982,0.2,31.0,28,idle
2026-03-10 16:37:09.224820,0.6,31.0,30,idle
2026-03-10 16:37:14.226048,0.3,31.0,28,idle
2026-03-10 16:37:19.227048,0.2,31.0,28,idle
2026-03-10 16:37:24.228046,0.1,31.0,28,idle
2026-03-10 16:37:29.228822,0.2,31.0,28,idle
2026-03-10 16:37:34.229546,0.1,31.0,28,idle
2026-03-10 16:37:39.230334,0.1,31.0,28,idle
2026-03-10 16:37:44.231411,0.1,31.0,28,idle
2026-03-10 16:37:49.232371,0.4,31.0,28,idle
2026-03-10 16:49:39.743519,1.1,31.0,28,idle
2026-03-10 16:49:44.744464,0.4,31.0,28,idle
2026-03-10 16:49:49.746207,0.5,31.0,28,idle
2026-03-10 16:49:54.747273,0.1,31.0,28,idle
2026-03-10 16:49:59.748200,0.2,31.0,28,idle
2026-03-10 16:50:04.749307,0.3,31.0,28,idle
2026-03-10 16:50:09.750547,0.2,31.0,28,idle
2026-03-10 16:50:14.751587,0.2,31.0,28,idle
2026-03-10 16:50:19.752767,0.4,31.0,28,idle
2026-03-10 16:50:24.754294,0.3,31.0,28,idle
2026-03-10 16:50:29.755371,0.2,31.0,28,idle
2026-03-10 16:50:34.756567,0.3,31.0,28,idle
2026-03-10 16:50:39.757675,0.2,31.0,28,idle
2026-03-10 16:50:44.758863,0.2,31.0,28,idle
2026-03-10 16:50:49.760132,0.1,31.0,28,idle
2026-03-10 16:50:54.760677,0.1,31.0,28,idle
2026-03-10 16:50:59.761236,0.1,31.0,28,idle
2026-03-10 16:51:04.761834,0.1,31.0,28,idle
2026-03-10 16:51:09.762393,0.2,31.0,28,idle
2026-03-10 16:51:14.762934,0.1,31.0,28,idle
2026-03-10 16:51:19.763838,0.1,31.0,28,idle
2026-03-10 16:51:24.764601,0.3,31.0,28,idle
2026-03-10 16:51:29.765037,0.1,31.0,28,idle
2026-03-10 16:51:34.765627,0.1,31.0,28,idle
2026-03-10 16:51:39.766012,0.1,31.1,28,idle
2026-03-10 16:51:44.766382,0.1,31.0,29,idle
2026-03-10 16:51:49.766992,0.1,31.0,28,idle
2026-03-10 16:51:54.767657,0.1,31.0,28,idle
2026-03-10 16:51:59.768429,0.1,31.1,30,idle
2026-03-10 16:52:04.769103,0.1,31.0,30,idle
2026-03-10 16:52:09.769906,0.1,31.0,28,idle
2026-03-10 16:52:14.770715,0.1,31.0,28,idle
2026-03-10 16:52:19.771398,0.1,31.0,28,idle
2026-03-10 16:52:24.772230,0.1,31.0,28,idle
2026-03-10 16:52:29.772953,0.1,31.0,28,idle
2026-03-10 16:52:34.773406,0.0,31.1,28,idle
2026-03-10 16:52:39.774148,0.1,31.1,28,idle
2026-03-10 16:52:44.774822,0.0,31.1,28,idle
2026-03-10 16:52:49.775541,0.1,31.1,28,idle
2026-03-10 16:52:54.776730,0.0,31.0,28,idle
2026-03-10 16:52:59.777455,0.1,31.1,28,idle
2026-03-10 16:53:04.778236,0.1,31.1,28,idle
2026-03-10 16:53:09.778916,0.1,31.1,28,idle
2026-03-10 16:53:14.779586,0.1,31.1,28,idle
2026-03-10 16:53:19.780306,0.1,31.1,28,idle
2026-03-10 16:53:24.781122,0.1,31.1,28,idle
2026-03-10 16:53:29.781832,0.1,31.1,28,idle
2026-03-10 16:53:34.782384,0.1,31.0,28,idle
2026-03-10 16:53:39.783212,0.1,31.1,28,idle
2026-03-10 16:53:44.783946,0.1,31.1,28,idle
2026-03-10 16:53:49.784614,0.1,31.1,28,idle
2026-03-10 16:53:54.785271,0.1,31.1,28,idle
2026-03-10 16:53:59.785906,0.1,31.1,28,idle
2026-03-10 16:54:04.786582,0.1,31.0,28,idle
2026-03-10 16:54:09.787258,0.1,31.0,28,idle
2026-03-10 16:54:14.787925,0.1,31.0,28,idle
2026-03-10 16:54:19.788598,0.1,31.0,28,idle
2026-03-10 16:54:24.789111,0.1,31.1,28,idle
2026-03-10 16:54:29.789799,0.1,31.1,28,idle
2026-03-10 16:54:34.790474,0.1,31.1,28,idle
2026-03-10 16:54:39.790890,0.1,31.1,28,idle
2026-03-10 16:54:44.791636,0.1,31.1,28,idle
2026-03-10 16:54:49.792499,0.1,31.1,28,idle
2026-03-10 16:54:54.793244,0.1,31.0,28,idle
2026-03-10 16:54:59.793977,0.1,31.1,28,idle
2026-03-10 16:55:04.794761,0.0,31.1,28,idle
2026-03-10 16:55:09.795645,0.1,31.1,30,idle
2026-03-10 16:55:14.801108,0.1,31.1,30,idle
2026-03-10 16:55:19.801885,0.1,31.1,28,idle
2026-03-10 16:55:24.802646,0.1,31.1,28,idle
2026-03-10 16:55:29.803457,0.1,31.1,28,idle
2026-03-10 16:55:34.804175,0.1,31.1,28,idle
2026-03-10 16:55:39.804882,0.1,31.0,28,idle
2026-03-10 16:55:44.805484,0.1,31.1,28,idle
2026-03-10 16:55:49.805964,0.0,31.1,28,idle
2026-03-10 16:55:54.806694,0.1,31.1,28,idle
2026-03-10 16:55:59.807231,0.1,31.1,28,idle
2026-03-10 16:56:04.807951,0.1,31.1,28,idle
2026-03-10 16:56:09.808412,0.1,31.1,28,idle
2026-03-10 16:56:14.809258,0.1,31.1,28,idle
2026-03-10 16:56:19.809651,0.1,31.1,28,idle
2026-03-10 16:56:24.810284,0.1,31.1,28,idle
2026-03-10 16:56:29.810949,0.1,31.1,28,idle
2026-03-10 16:56:34.811635,0.1,31.1,28,idle
2026-03-10 16:56:39.812307,0.1,31.1,28,idle
2026-03-10 16:56:44.813118,0.1,31.1,28,idle
2026-03-10 16:56:49.813590,0.1,31.1,28,idle
2026-03-10 16:56:54.814275,0.1,31.1,28,idle
2026-03-10 16:56:59.814695,0.1,31.1,28,idle
2026-03-10 16:57:04.815433,0.1,31.1,28,idle
2026-03-10 16:57:09.816176,0.1,31.1,28,idle
2026-03-10 16:57:14.816798,0.1,31.1,28,idle
2026-03-10 16:57:19.817888,0.1,31.1,28,idle
2026-03-10 16:57:24.818568,0.1,31.1,28,idle
2026-03-10 16:57:29.819236,0.1,31.1,28,idle
2026-03-10 16:57:34.819890,0.1,31.1,28,idle
2026-03-10 16:57:39.820291,0.1,31.1,28,idle
2026-03-10 16:57:44.820756,0.1,31.1,28,idle
2026-03-10 16:57:49.821457,0.0,31.1,28,idle
2026-03-10 16:57:54.821840,0.1,31.1,28,idle
2026-03-10 16:57:59.822495,0.1,31.1,28,idle
2026-03-10 16:58:04.823233,0.1,31.1,28,idle
2026-03-10 16:58:09.823870,0.1,31.1,28,idle
2026-03-10 16:58:14.824396,0.1,31.1,28,idle
2026-03-10 16:58:19.824871,0.1,31.1,30,idle
2026-03-10 16:58:24.825489,0.0,31.1,30,idle
2026-03-10 16:58:29.826014,0.1,31.1,28,idle
2026-03-10 16:58:34.826430,0.1,31.1,28,idle
2026-03-10 16:58:39.826825,0.1,31.1,28,idle
2026-03-10 16:58:44.827232,0.0,31.1,28,idle
2026-03-10 16:58:49.827799,0.1,31.1,28,idle
2026-03-10 16:58:54.828214,0.1,31.1,28,idle
2026-03-10 16:58:59.828682,0.1,31.1,28,idle
2026-03-10 16:59:04.829183,0.1,31.1,28,idle
2026-03-10 16:59:09.829719,0.1,31.1,28,idle
2026-03-10 16:59:14.830186,0.1,31.1,28,idle
2026-03-10 16:59:19.830759,0.1,31.1,28,idle
2026-03-10 16:59:24.831174,0.1,31.1,28,idle
2026-03-10 16:59:29.831805,0.1,31.1,28,idle
2026-03-10 16:59:34.832647,0.1,31.1,28,idle
2026-03-10 16:59:39.833542,0.1,31.1,28,idle
2026-03-10 16:59:44.834192,0.0,31.1,28,idle
2026-03-10 16:59:49.835019,0.1,31.1,28,idle
2026-03-10 16:59:54.835823,0.1,31.1,28,idle
2026-03-10 16:59:59.836275,0.1,31.1,28,idle
2026-03-10 17:00:04.837116,0.1,31.1,28,idle
2026-03-10 17:00:09.837819,0.1,31.1,28,idle
2026-03-10 17:00:14.838560,0.1,31.1,28,idle
2026-03-10 17:00:19.839243,0.1,31.1,28,idle
2026-03-10 17:00:24.839850,0.1,31.1,28,idle
2026-03-10 17:00:29.840544,0.1,31.1,28,idle
2026-03-10 17:00:34.841212,0.1,31.1,28,idle
2026-03-10 17:00:39.841600,0.1,31.1,28,idle
2026-03-10 17:00:44.842610,0.0,31.1,28,idle
2026-03-10 17:00:49.843277,0.1,31.1,28,idle
2026-03-10 17:00:54.843920,0.1,31.2,28,idle
2026-03-10 17:00:59.844655,0.1,31.1,28,idle
2026-03-10 17:01:04.845913,0.1,31.1,28,idle
2026-03-10 17:01:09.846601,0.1,31.1,28,idle
2026-03-10 17:01:14.847269,0.1,31.1,28,idle
2026-03-10 17:01:19.847940,0.1,31.1,28,idle
2026-03-10 17:01:24.848727,0.1,31.1,28,idle
2026-03-10 17:01:29.849400,0.1,31.1,30,idle
2026-03-10 17:01:34.849921,0.0,31.1,30,idle
2026-03-10 17:01:39.850760,0.1,31.1,28,idle
2026-03-10 17:01:44.851487,0.1,31.1,28,idle
2026-03-10 17:01:49.851996,0.1,31.1,28,idle
2026-03-10 17:01:54.852752,0.1,31.1,28,idle
2026-03-10 17:01:59.853477,0.1,31.1,28,idle
2026-03-10 17:02:04.854100,0.1,31.1,28,idle
2026-03-10 17:02:09.854764,0.1,31.1,28,idle
2026-03-10 17:02:14.855311,0.1,31.1,28,idle
2026-03-10 17:02:19.856004,0.1,31.1,28,idle
2026-03-10 17:02:24.856831,0.1,31.1,28,idle
2026-03-10 17:02:29.857667,0.1,31.1,28,idle
2026-03-10 17:02:34.858280,0.0,31.1,28,idle
2026-03-10 17:02:39.859080,0.1,31.1,28,idle
2026-03-10 17:02:44.859757,0.1,31.1,28,idle
2026-03-10 17:02:49.860487,0.1,31.1,28,idle
2026-03-10 17:02:54.861295,0.1,31.1,28,idle
2026-03-10 17:02:59.861716,0.1,31.2,28,idle
2026-03-10 17:03:04.862394,0.1,31.1,28,idle
2026-03-10 17:03:09.863151,0.1,31.1,28,idle
2026-03-10 17:03:14.863819,0.1,31.1,28,idle
2026-03-10 17:03:19.864209,0.1,31.2,28,idle
2026-03-10 17:03:24.864587,0.1,31.1,28,idle
2026-03-10 17:03:29.865287,0.1,31.1,28,idle
2026-03-10 17:03:34.866034,0.0,31.1,28,idle
2026-03-10 17:03:39.866665,0.1,31.1,28,idle
2026-03-10 17:03:44.867341,0.1,31.2,28,idle
2026-03-10 17:03:49.867878,0.1,31.1,28,idle
2026-03-10 17:03:54.868274,0.1,31.1,28,idle
2026-03-10 17:03:59.868914,0.1,31.2,28,idle
2026-03-10 17:04:04.869437,0.1,31.1,28,idle
2026-03-10 17:04:09.869993,0.1,31.1,28,idle
2026-03-10 17:04:14.870822,0.1,31.1,28,idle
2026-03-10 17:04:19.871493,0.1,31.1,28,idle
2026-03-10 17:04:24.872249,0.1,31.1,28,idle
2026-03-10 17:04:29.873232,0.1,31.2,28,idle
2026-03-10 17:04:34.873950,0.1,31.1,28,idle
2026-03-10 17:04:39.874686,0.1,31.2,30,idle
2026-03-10 17:04:44.875471,0.1,31.2,30,idle
2026-03-10 17:04:49.876013,0.1,31.1,28,idle
2026-03-10 17:04:54.876680,0.1,31.2,28,idle
2026-03-10 17:04:59.877549,0.1,31.2,28,idle
2026-03-10 17:05:04.878344,0.1,31.2,28,idle
2026-03-10 17:05:09.879000,0.1,31.1,28,idle
2026-03-10 17:05:14.879665,0.1,31.1,28,idle
2026-03-10 17:05:19.880090,0.1,31.1,28,idle
2026-03-10 17:05:24.880517,0.1,31.1,28,idle
2026-03-10 17:05:29.881212,0.1,31.2,28,idle
2026-03-10 17:05:34.881890,0.1,31.1,28,idle
2026-03-10 17:05:39.882609,0.1,31.1,28,idle
2026-03-10 17:05:44.883052,0.1,31.1,28,idle
2026-03-10 17:05:49.883485,0.1,31.1,28,idle
2026-03-10 17:05:54.884174,0.1,31.1,28,idle
2026-03-10 17:05:59.884916,0.0,31.2,28,idle
2026-03-10 17:06:04.885923,0.1,31.1,28,idle
2026-03-10 17:06:09.886604,0.1,31.1,28,idle
2026-03-10 17:06:14.887408,0.0,31.1,28,idle
2026-03-10 17:06:19.888022,0.1,31.1,28,idle
2026-03-10 17:06:24.888754,0.0,31.2,28,idle
2026-03-10 17:06:29.889464,0.1,31.1,28,idle
2026-03-10 17:06:34.890305,0.1,31.2,28,idle
2026-03-10 17:06:39.891258,0.0,31.1,28,idle
2026-03-10 17:06:44.892114,0.1,31.1,28,idle
2026-03-10 17:06:49.892684,0.1,31.1,28,idle
2026-03-10 17:06:54.893653,0.1,31.2,28,idle
2026-03-10 17:06:59.894398,0.1,31.2,28,idle
2026-03-10 17:07:04.895079,0.1,31.1,28,idle
2026-03-10 17:07:09.895574,0.1,31.1,28,idle
2026-03-10 17:07:14.896321,0.1,31.1,28,idle
2026-03-10 17:07:19.897202,0.1,31.1,28,idle
2026-03-10 17:07:24.897900,0.1,31.2,28,idle
2026-03-10 17:07:29.898460,0.0,31.1,28,idle
2026-03-10 17:07:34.898925,0.1,31.1,28,idle
2026-03-10 17:07:39.899600,0.0,31.1,28,idle
2026-03-10 17:07:44.899991,0.1,31.1,28,idle
2026-03-10 17:07:49.900504,0.1,31.1,30,idle
2026-03-10 17:07:54.901202,0.1,31.1,30,idle
2026-03-10 17:07:59.901875,0.1,31.1,28,idle
2026-03-10 17:08:04.902557,0.1,31.1,28,idle
2026-03-10 17:08:09.903134,0.1,31.1,28,idle
2026-03-10 17:08:14.903941,0.1,31.1,28,idle
2026-03-10 17:08:19.904891,0.1,31.1,28,idle
2026-03-10 17:08:24.905350,0.1,31.1,28,idle
2026-03-10 17:08:29.905747,0.1,31.2,28,idle
2026-03-10 17:08:34.906397,0.1,31.2,28,idle
2026-03-10 17:08:39.907130,0.1,31.2,28,idle
2026-03-10 17:08:44.908129,0.1,31.1,28,idle
2026-03-10 17:08:49.908897,0.1,31.2,28,idle
2026-03-10 17:08:54.909498,0.1,31.2,28,idle
2026-03-10 17:08:59.910133,0.1,31.1,28,idle
2026-03-10 17:09:04.910872,0.1,31.2,28,idle
2026-03-10 17:09:09.911575,0.6,31.1,28,idle
2026-03-10 17:09:14.912259,0.1,31.1,28,idle
2026-03-10 17:09:19.912741,0.1,31.1,28,idle
2026-03-10 17:09:24.913168,0.1,31.1,28,idle
2026-03-10 17:09:29.913956,0.1,31.1,28,idle
2026-03-10 17:09:34.915079,0.1,31.1,28,idle
2026-03-10 17:09:39.915577,0.1,31.1,28,idle
2026-03-10 17:09:44.916127,0.0,31.1,28,idle
2026-03-10 17:09:49.916541,0.1,31.1,28,idle
2026-03-10 17:09:54.921013,0.0,31.1,28,idle
2026-03-10 17:09:59.921596,0.1,31.1,28,idle
2026-03-10 17:10:04.922457,0.1,31.1,28,idle
2026-03-10 17:10:09.923175,0.1,31.1,28,idle
2026-03-10 17:10:14.923985,0.1,31.1,28,idle
2026-03-10 17:10:19.924868,0.1,31.2,28,idle
2026-03-10 17:10:24.925724,0.1,31.2,28,idle
2026-03-10 17:10:29.926335,0.1,31.2,28,idle
2026-03-10 17:10:34.927154,0.1,31.2,28,idle
2026-03-10 17:10:39.927677,0.1,31.1,28,idle
2026-03-10 17:10:44.928394,0.1,31.2,28,idle
2026-03-10 17:10:49.929066,0.1,31.2,28,idle
2026-03-10 17:10:54.929517,0.1,31.2,28,idle
2026-03-10 17:10:59.930248,0.1,31.2,30,idle
2026-03-10 17:11:04.930753,0.1,31.2,30,idle
2026-03-10 17:11:09.931468,0.1,31.1,28,idle
2026-03-10 17:11:14.932287,0.1,31.1,28,idle
2026-03-10 17:11:19.932758,0.2,31.2,28,idle
2026-03-10 17:11:24.933471,0.1,31.1,28,idle
2026-03-10 17:11:29.934190,0.1,31.1,28,idle
2026-03-10 17:11:34.934839,0.2,31.1,28,idle
2026-03-10 17:11:39.935480,0.1,31.2,28,idle
2026-03-10 17:11:44.935907,0.1,31.2,28,idle
2026-03-10 17:11:49.936678,0.1,31.2,28,idle
2026-03-10 17:11:54.937224,0.1,31.2,28,idle
2026-03-10 17:11:59.937919,0.1,31.2,28,idle
2026-03-10 17:12:04.938549,0.1,31.2,28,idle
2026-03-10 17:12:09.939042,0.1,31.2,28,idle
2026-03-10 17:12:14.939713,0.1,31.1,28,idle
2026-03-10 17:12:19.940133,0.1,31.2,28,idle
2026-03-10 17:12:24.940945,0.1,31.2,28,idle
2026-03-10 17:12:29.941948,0.1,31.2,28,idle
2026-03-10 17:12:34.942631,0.1,31.1,28,idle
2026-03-10 17:12:39.943723,0.0,31.2,28,idle
2026-03-10 17:12:44.944658,0.1,31.2,28,idle
2026-03-10 17:12:49.945338,0.1,31.1,28,idle
2026-03-10 17:12:54.946156,0.1,31.1,28,idle
2026-03-10 17:12:59.946877,0.1,31.2,28,idle
2026-03-10 17:13:04.947690,0.1,31.2,28,idle
2026-03-10 17:13:09.948371,0.1,31.2,28,idle
2026-03-10 17:13:14.949043,0.1,31.2,28,idle
2026-03-10 17:13:19.949724,0.1,31.1,28,idle
2026-03-10 17:13:24.950249,0.1,31.1,28,idle
2026-03-10 17:13:29.950772,0.1,31.1,28,idle
2026-03-10 17:13:34.951447,0.1,31.1,28,idle
2026-03-10 17:13:39.951866,0.1,31.1,28,idle
2026-03-10 17:13:44.952518,0.1,31.2,28,idle
2026-03-10 17:13:49.952953,0.1,31.1,28,idle
2026-03-10 17:13:54.953857,0.1,31.2,28,idle
2026-03-10 17:13:59.954546,0.1,31.2,28,idle
2026-03-10 17:14:04.955328,0.1,31.2,28,idle
2026-03-10 17:14:09.956008,0.1,31.2,30,idle
2026-03-10 17:14:14.956525,0.1,31.2,30,idle
2026-03-10 17:14:19.957128,0.2,31.2,28,idle
2026-03-10 17:14:24.957816,0.0,31.2,28,idle
2026-03-10 17:14:29.958359,0.1,31.2,28,idle
2026-03-10 17:14:34.959176,0.1,31.2,28,idle
2026-03-10 17:14:39.959711,0.1,31.2,28,idle
2026-03-10 17:14:44.960397,0.1,31.2,28,idle
2026-03-10 17:14:49.960805,0.1,31.2,28,idle
2026-03-10 17:14:54.961487,0.1,31.2,28,idle
2026-03-10 17:14:59.962125,0.1,31.2,28,idle
2026-03-10 17:15:04.962683,0.0,31.2,28,idle
2026-03-10 17:15:09.963103,0.1,31.2,28,idle
2026-03-10 17:15:14.963898,0.1,31.2,28,idle
2026-03-10 17:15:19.964350,0.1,31.2,28,idle
2026-03-10 17:15:24.965177,0.1,31.2,28,idle
2026-03-10 17:15:29.965641,0.1,31.2,28,idle
2026-03-10 17:15:34.966482,0.1,31.2,28,idle
2026-03-10 17:15:39.967304,0.1,31.2,28,idle
2026-03-10 17:15:44.967855,0.0,31.2,28,idle
2026-03-10 17:15:49.968385,0.1,31.2,28,idle
2026-03-10 17:15:54.969122,0.1,31.2,28,idle
2026-03-10 17:15:59.969888,0.1,31.1,28,idle
2026-03-10 17:16:04.970632,0.1,31.2,28,idle
2026-03-10 17:16:09.971414,0.0,31.2,28,idle
2026-03-10 17:16:14.972116,0.1,31.2,28,idle
2026-03-10 17:16:19.972781,0.1,31.2,28,idle
2026-03-10 17:16:24.973460,0.1,31.2,28,idle
2026-03-10 17:16:29.973844,0.1,31.2,28,idle
2026-03-10 17:16:34.975179,0.1,31.2,28,idle
2026-03-10 17:16:39.975853,0.1,31.2,28,idle
2026-03-10 17:16:44.976746,0.1,31.2,28,idle
2026-03-10 17:16:49.977829,0.1,31.2,28,idle
2026-03-10 17:16:54.978649,0.1,31.2,28,idle
2026-03-10 17:16:59.979125,0.1,31.1,28,idle
2026-03-10 17:17:04.979815,0.1,31.2,28,idle
2026-03-10 17:17:09.980556,0.1,31.2,28,idle
2026-03-10 17:17:14.981363,0.1,31.2,28,idle
2026-03-10 17:17:19.982237,0.1,31.2,30,idle
2026-03-10 17:17:24.982696,0.0,31.2,30,idle
2026-03-10 17:17:29.983396,0.1,31.2,28,idle
2026-03-10 17:17:34.984069,0.1,31.2,28,idle
2026-03-10 17:17:39.984936,0.1,31.2,28,idle
2026-03-10 17:17:44.985902,0.1,31.2,28,idle
2026-03-10 17:17:49.986722,0.1,31.2,28,idle
2026-03-10 17:17:54.987175,0.0,31.2,28,idle
2026-03-10 17:17:59.987809,0.1,31.2,28,idle
2026-03-10 17:18:04.988226,0.1,31.2,28,idle
2026-03-10 17:18:09.989128,0.1,31.2,28,idle
2026-03-10 17:18:14.990136,0.1,31.2,28,idle
2026-03-10 17:18:19.991015,0.1,31.2,28,idle
2026-03-10 17:18:24.991842,0.1,31.2,28,idle
2026-03-10 17:18:29.992725,0.1,31.2,28,idle
2026-03-10 17:18:34.993394,0.1,31.2,28,idle
2026-03-10 17:18:39.993819,0.1,31.2,28,idle
2026-03-10 17:18:44.994542,0.1,31.1,28,idle
2026-03-10 17:18:49.995213,0.1,31.2,28,idle
2026-03-10 17:18:54.995823,0.1,31.2,28,idle
2026-03-10 17:18:59.996505,0.1,31.2,28,idle
2026-03-10 17:19:04.997172,0.1,31.1,28,idle
2026-03-10 17:19:09.997987,0.1,31.2,28,idle
2026-03-10 17:19:14.998783,0.1,31.2,28,idle
2026-03-10 17:19:19.999725,0.1,31.2,28,idle
2026-03-10 17:19:25.000388,0.1,31.2,28,idle
2026-03-10 17:19:30.001198,0.1,31.2,28,idle
2026-03-10 17:19:35.001864,0.1,31.2,28,idle
2026-03-10 17:19:40.002748,0.1,31.2,28,idle
2026-03-10 17:19:45.003559,0.1,31.2,28,idle
2026-03-10 17:19:50.004226,0.1,31.2,28,idle
2026-03-10 17:19:55.004946,0.1,31.2,28,idle
2026-03-10 17:20:00.005538,0.1,31.2,28,idle
2026-03-10 17:20:05.006208,0.1,31.2,28,idle
2026-03-10 17:20:10.006868,0.1,31.2,28,idle
2026-03-10 17:20:15.007514,0.1,31.2,28,idle
2026-03-10 17:20:20.007999,0.1,31.2,28,idle
2026-03-10 17:20:25.008676,0.1,31.2,28,idle
2026-03-10 17:20:30.009324,0.1,31.2,30,idle
2026-03-10 17:20:35.009985,0.0,31.2,30,idle
2026-03-10 17:20:40.010638,0.1,31.2,28,idle
2026-03-10 17:20:45.011315,0.1,31.2,28,idle
2026-03-10 17:20:50.011984,0.1,31.2,28,idle
2026-03-10 17:20:55.012607,0.1,31.2,28,idle
2026-03-10 17:21:00.013165,0.0,31.2,28,idle
2026-03-10 17:21:05.013839,0.1,31.2,28,idle
2026-03-10 17:21:10.014396,0.1,31.2,28,idle
2026-03-10 17:21:15.015287,0.1,31.2,28,idle
2026-03-10 17:21:20.016093,0.1,31.2,28,idle
2026-03-10 17:21:25.016760,0.0,31.2,28,idle
2026-03-10 17:21:30.017430,0.1,31.2,28,idle
2026-03-10 17:21:35.018156,0.1,31.2,28,idle
2026-03-10 17:21:40.018609,0.1,31.2,28,idle
2026-03-10 17:21:45.019033,0.1,31.2,28,idle
2026-03-10 17:21:50.019885,0.1,31.2,28,idle
2026-03-10 17:21:55.020598,0.1,31.2,28,idle
2026-03-10 17:22:00.021214,0.1,31.2,28,idle
2026-03-10 17:22:05.021952,0.1,31.2,28,idle
2026-03-10 17:22:10.022622,0.1,31.2,28,idle
2026-03-10 17:22:15.023043,0.1,31.2,28,idle
2026-03-10 17:22:20.023460,0.1,31.2,28,idle
2026-03-10 17:22:25.024178,0.1,31.2,28,idle
2026-03-10 17:22:30.024783,0.1,31.2,28,idle
2026-03-10 17:22:35.025443,0.1,31.2,28,idle
2026-03-10 17:22:40.026124,0.1,31.2,28,idle
2026-03-10 17:22:45.026802,0.1,31.2,28,idle
2026-03-10 17:22:50.027279,0.1,31.2,28,idle
2026-03-10 17:22:55.028437,0.1,31.2,28,idle
2026-03-10 17:23:00.029068,0.1,31.2,28,idle
2026-03-10 17:23:05.029791,0.1,31.2,28,idle
2026-03-10 17:23:10.030447,0.1,31.2,28,idle
2026-03-10 17:23:15.031173,0.1,31.2,28,idle
2026-03-10 17:23:20.031605,0.1,31.2,28,idle
2026-03-10 17:23:25.032432,0.1,31.2,28,idle
2026-03-10 17:23:30.033344,0.1,31.2,28,idle
2026-03-10 17:23:35.034228,0.1,31.2,28,idle
2026-03-10 17:23:40.034861,0.1,31.2,30,idle
2026-03-10 17:23:45.035541,0.1,31.2,30,idle
2026-03-10 17:23:50.036200,0.1,31.2,28,idle
2026-03-10 17:23:55.037029,0.1,31.2,28,idle
2026-03-10 17:24:00.037747,0.1,31.1,28,idle
2026-03-10 17:24:05.038559,0.1,31.2,28,idle
2026-03-10 17:24:10.039210,0.0,31.2,28,idle
2026-03-10 17:24:15.039876,0.1,31.2,28,idle
2026-03-10 17:24:20.040530,0.1,31.2,28,idle
2026-03-10 17:24:25.041024,0.1,31.2,28,idle
2026-03-10 17:24:30.041472,0.1,31.2,28,idle
2026-03-10 17:24:35.042230,0.1,31.2,28,idle
2026-03-10 17:24:40.043037,0.1,31.2,28,idle
2026-03-10 17:24:45.043776,0.1,31.2,28,idle
2026-03-10 17:24:50.044283,0.1,31.2,28,idle
2026-03-10 17:24:55.045001,0.1,31.3,28,idle
2026-03-10 17:25:00.045844,0.1,31.2,28,idle
2026-03-10 17:25:05.046620,0.1,31.2,28,idle
2026-03-10 17:25:10.047107,0.1,31.2,28,idle
2026-03-10 17:25:15.048157,0.1,31.2,28,idle
2026-03-10 17:25:20.049033,0.1,31.2,28,idle
2026-03-10 17:25:25.049778,0.1,31.2,28,idle
2026-03-10 17:25:30.050576,0.1,31.2,28,idle
2026-03-10 17:25:35.051133,0.1,31.2,28,idle
2026-03-10 17:25:40.051775,0.1,31.2,28,idle
2026-03-10 17:25:45.052527,0.1,31.2,28,idle
2026-03-10 17:25:50.053173,0.1,31.2,28,idle
2026-03-10 17:25:55.054017,0.1,31.1,28,idle
2026-03-10 17:26:00.054715,0.1,31.1,28,idle
2026-03-10 17:26:05.055559,0.1,31.2,28,idle
2026-03-10 17:26:10.056232,0.1,31.2,28,idle
2026-03-10 17:26:15.056732,0.1,31.2,28,idle
2026-03-10 17:26:20.057176,0.1,31.2,28,idle
2026-03-10 17:26:25.057801,0.1,31.2,28,idle
2026-03-10 17:26:30.058477,0.1,31.2,28,idle
2026-03-10 17:26:35.059017,0.1,31.2,28,idle
2026-03-10 17:26:40.059545,0.1,31.2,28,idle
2026-03-10 17:26:45.059974,0.1,31.2,28,idle
2026-03-10 17:26:50.060502,0.1,31.2,30,idle
2026-03-10 17:26:55.061067,0.0,31.2,30,idle
2026-03-10 17:27:00.061666,0.1,31.2,28,idle
2026-03-10 17:27:05.062357,0.1,31.2,28,idle
2026-03-10 17:27:10.063374,0.1,31.1,28,idle
2026-03-10 17:27:15.064348,0.1,31.1,28,idle
2026-03-10 17:27:20.065170,0.1,31.1,28,idle
2026-03-10 17:27:25.066143,0.0,31.2,28,idle
2026-03-10 17:27:30.066912,0.1,31.2,28,idle
2026-03-10 17:27:35.067331,0.1,31.2,28,idle
2026-03-10 17:27:40.068128,0.1,31.2,28,idle
2026-03-10 17:27:45.068786,0.1,31.2,28,idle
2026-03-10 17:27:50.069436,0.1,31.2,28,idle
2026-03-10 17:27:55.070712,0.1,31.2,28,idle
2026-03-10 17:28:00.071192,0.1,31.2,28,idle
2026-03-10 17:28:05.071891,0.1,31.2,28,idle
2026-03-10 17:28:10.072623,0.1,31.2,28,idle
2026-03-10 17:28:15.073311,0.1,31.2,28,idle
2026-03-10 17:28:20.073961,0.1,31.2,28,idle
2026-03-10 17:28:25.074635,0.1,31.2,28,idle
2026-03-10 17:28:30.075314,0.1,31.2,28,idle
2026-03-10 17:28:35.075989,0.1,31.2,28,idle
2026-03-10 17:28:40.076867,0.1,31.2,28,idle
2026-03-10 17:28:45.077830,0.1,31.2,28,idle
2026-03-10 17:28:50.078492,0.1,31.2,28,idle
2026-03-10 17:28:55.078930,0.1,31.2,28,idle
2026-03-10 17:29:00.079349,0.1,31.2,28,idle
2026-03-10 17:29:05.080198,0.1,31.2,28,idle
2026-03-10 17:29:10.081113,0.1,31.2,28,idle
2026-03-10 17:29:15.082002,0.1,31.2,28,idle
2026-03-10 17:29:20.082596,0.1,31.2,28,idle
2026-03-10 17:29:25.083885,0.1,31.2,28,idle
2026-03-10 17:29:30.084603,0.1,31.2,28,idle
2026-03-10 17:29:35.085218,0.1,31.2,28,idle
2026-03-10 17:29:40.085833,0.1,31.2,28,idle
2026-03-10 17:29:45.086329,0.1,31.2,28,idle
2026-03-10 17:29:50.086902,0.1,31.2,28,idle
2026-03-10 17:29:55.087524,0.1,31.2,28,idle
2026-03-10 17:30:00.088138,0.0,31.2,30,idle
2026-03-10 17:30:05.089147,0.0,31.2,30,idle
2026-03-10 17:30:10.089585,0.1,31.2,28,idle
2026-03-10 17:30:15.089958,0.1,31.2,28,idle
2026-03-10 17:30:20.090360,0.1,31.2,28,idle
2026-03-10 17:30:25.091019,0.1,31.2,28,idle
2026-03-10 17:30:30.091692,0.1,31.2,28,idle
2026-03-10 17:30:35.092594,0.1,31.2,28,idle
2026-03-10 17:30:40.093018,0.1,31.2,28,idle
2026-03-10 17:30:45.093810,0.1,31.2,28,idle
2026-03-10 17:30:50.094564,0.1,31.2,28,idle
2026-03-10 17:30:55.095001,0.1,31.2,28,idle
2026-03-10 17:31:00.095804,0.1,31.2,28,idle
2026-03-10 17:31:05.096623,0.1,31.2,28,idle
2026-03-10 17:31:10.097629,0.1,31.2,28,idle
2026-03-10 17:31:15.098363,0.1,31.2,28,idle
2026-03-10 17:31:20.098897,0.1,31.2,28,idle
2026-03-10 17:31:25.099711,0.1,31.2,28,idle
2026-03-10 17:31:30.100399,0.1,31.2,28,idle
2026-03-10 17:31:35.101060,0.1,31.2,28,idle
2026-03-10 17:31:40.101475,0.1,31.2,28,idle
2026-03-10 17:31:45.101870,0.1,31.2,28,idle
2026-03-10 17:31:50.102367,0.2,30.8,22,idle
2026-03-10 17:48:36.709669,0.4,31.4,34,idle
2026-03-10 17:48:41.710352,0.1,31.4,34,idle
