cpu_usage_pct,ram_usage_pct,kb_events,mouse_events,net_bytes_interval,process_count,carbon_intensity_gco2,label
1.8,43.4,0,0,225617,49,281.29,1
1.0,43.4,0,0,333155,46,221.87,1
0.6,43.3,0,0,63034,46,295.86,1
0.1,43.3,0,0,32360,46,253.74,1
0.0,43.3,0,0,30551,46,275.42,1
0.7,43.3,0,0,27936,46,187.73,1
0.8,43.3,0,0,32134,46,298.06,1
0.6,43.3,0,0,29796,46,286.6,1
0.1,43.3,0,0,30464,46,290.11,1
0.1,43.3,0,0,39636,46,251.52,1
0.8,43.3,0,0,32658,46,247.92,1
0.8,43.3,0,0,32970,46,267.21,1
0.0,43.3,0,0,32446,46,307.16,1
0.0,43.3,0,0,29696,46,267.17,1
0.3,43.3,0,0,30762,46,186.07,1
0.8,43.3,0,0,29526,46,195.25,1
0.6,43.3,0,0,33786,46,311.67,1
0.0,43.3,0,0,29186,46,235.01,1
0.1,43.3,0,0,30804,46,252.55,1
0.8,43.3,0,0,66897,46,233.87,1
0.8,43.3,0,0,40377,46,215.31,1
0.1,43.3,0,0,33456,46,257.56,1
0.1,43.3,0,0,37644,46,267.09,1
0.5,43.3,0,0,30296,46,236.57,1
0.7,43.3,0,0,32066,46,203.59,1
0.8,43.3,0,0,35178,49,295.23,1
0.1,43.3,0,0,31388,46,243.64,1
0.0,43.3,0,0,31262,46,229.31,1
0.6,43.3,0,0,47066,46,283.57,1
1.1,43.3,0,0,35480,46,253.52,1
0.8,43.3,0,0,30580,46,212.64,1
0.1,43.3,0,0,33734,46,196.32,1
0.0,43.3,0,0,30292,46,217.02,1
1.1,43.3,0,0,51156,46,235.4,1
0.8,43.3,0,0,31134,46,265.8,1
0.4,43.3,0,0,31656,46,232.83,1
0.1,43.3,0,0,32304,46,266.87,1
3.1,43.3,0,0,227792,48,222.13,1
0.9,43.3,0,0,633085,46,280.3,1
1.0,43.4,0,0,335132,46,298.07,1
0.2,43.3,0,0,695612,46,272.24,1
0.4,43.3,0,0,414136,46,226.57,1
0.9,43.3,0,0,269355,46,220.34,1
0.8,43.3,0,0,173882,46,225.72,1
1.1,43.3,0,0,84368,47,311.76,1
