timestamp,laptop_id,cpu,memory,seconds_since_activity
1772635204.2061954,Ananya,28.4,31.7,1.0
1772635208.2096336,Ananya,11.6,31.9,5.0
1772635212.2115262,Ananya,2.6,28.9,9.0
1772635216.2128253,Ananya,6.1,28.9,13.0
1772635220.2142181,Ananya,0.3,28.9,17.0
1772635224.2155252,Ananya,1.4,26.9,21.0
1772635228.217967,Ananya,0.1,26.9,25.0
1772635232.219717,Ananya,6.3,25.5,29.0
1772635236.2215025,Ananya,0.7,25.3,33.0
1772635240.223901,Ananya,1.0,25.3,37.0
1772635244.2251933,Ananya,2.6,25.4,41.0
1772635248.226842,Ananya,0.4,25.4,45.0
1772635249.835316,Ananya,2.4,25.7,1.0
1772635252.228471,Ananya,4.0,25.7,49.0
1772635253.4655466,Ananya,2.7,25.9,1.0
1772635253.8412778,Ananya,0.7,25.9,5.0
1772635256.2299082,Ananya,0.5,25.9,53.0
1772635257.4707618,Ananya,1.0,25.9,5.0
1772635257.8427105,Ananya,0.2,25.9,9.0
1772635260.231229,Ananya,0.1,25.9,57.0
1772635261.4721422,Ananya,0.2,25.9,9.0
1772635261.8441088,Ananya,0.8,25.9,13.0
1772635264.2328513,Ananya,1.0,25.9,61.1
1772635265.4739296,Ananya,0.3,25.9,13.0
1772635265.8458428,Ananya,0.5,25.8,17.0
1772635268.234242,Ananya,0.0,25.9,65.1
1772635269.47601,Ananya,1.4,25.9,17.0
1772635269.847058,Ananya,0.9,25.9,21.0
1772635272.2359104,Ananya,0.7,25.9,69.1
1772635273.4775138,Ananya,0.2,25.9,21.0
1772635273.8487058,Ananya,0.3,25.9,25.0
1772635276.2378051,Ananya,0.1,25.9,73.1
1772635277.4790661,Ananya,0.2,25.9,25.0
1772635277.8498762,Ananya,0.1,25.9,29.0
1772635280.2391078,Ananya,0.1,25.9,77.1
1772635281.480574,Ananya,0.7,25.9,29.0
1772635281.8509479,Ananya,0.8,25.9,33.0
1772635284.240713,Ananya,0.8,25.9,81.1
1772635285.4818833,Ananya,0.0,25.9,33.0
1772635285.8523595,Ananya,0.1,25.9,37.0
1772635288.2421255,Ananya,0.0,25.9,85.1
1772635289.4833143,Ananya,0.6,25.9,37.0
1772635289.8537898,Ananya,0.6,25.9,41.0
1772635292.243211,Ananya,0.7,25.9,89.1
1772635293.4846025,Ananya,0.1,25.9,41.0
1772635293.8554187,Ananya,0.3,25.9,45.0
1772635296.2452946,Ananya,0.1,25.9,93.1
1772635297.4858015,Ananya,1.2,25.9,45.0
1772635297.8573706,Ananya,0.4,25.9,49.0
1772635300.2466626,Ananya,1.1,25.9,97.1
1772635301.4872224,Ananya,0.1,25.9,49.0
1772635301.8590326,Ananya,0.5,26.0,53.0
1772635304.248104,Ananya,0.2,25.9,101.1
1772635305.4896176,Ananya,0.2,25.9,53.0
1772635305.8603303,Ananya,0.2,25.9,57.0
1772635308.2502735,Ananya,0.0,25.9,105.1
1772635309.4909232,Ananya,0.9,25.9,57.0
1772635309.862196,Ananya,1.2,25.9,61.0
1772635312.2513654,Ananya,1.3,25.9,109.1
1772635313.4923623,Ananya,1.2,25.9,61.0
1772635313.8641148,Ananya,1.4,25.9,65.1
1772635316.253093,Ananya,0.8,25.9,113.1
1772635317.493384,Ananya,1.4,26.0,65.0
1772635317.86635,Ananya,1.0,26.0,69.1
1772635320.254216,Ananya,1.3,26.0,117.1
1772635321.4947584,Ananya,0.9,26.0,69.0
1772635321.867719,Ananya,0.7,26.0,73.1
1772635324.2556558,Ananya,0.2,26.0,121.1
1772635325.4958887,Ananya,0.8,25.9,73.1
1772635325.8690257,Ananya,0.2,25.9,77.1
1772635328.2568889,Ananya,0.1,25.9,125.1
1772635329.4974365,Ananya,0.1,25.9,77.1
1772635329.8701797,Ananya,0.7,26.0,81.1
1772635332.2583451,Ananya,0.2,26.0,129.1
1772635333.4987295,Ananya,0.1,26.0,81.1
1772635333.8717086,Ananya,0.2,26.0,85.1
1772635336.260001,Ananya,0.0,26.0,133.1
1772635337.500118,Ananya,0.6,26.0,85.1
1772635337.873304,Ananya,0.6,26.0,89.1
1772635340.2613325,Ananya,0.6,26.0,137.1
1772635341.5014164,Ananya,0.3,26.0,89.1
1772635341.8747,Ananya,0.3,26.0,93.1
1772635344.263592,Ananya,0.2,26.0,141.1
1772635345.5027292,Ananya,0.6,26.0,93.1
1772635345.8765798,Ananya,0.4,26.0,97.1
1772635348.265175,Ananya,0.5,26.0,145.1
1772635349.504379,Ananya,0.0,26.0,97.1
1772635349.8777764,Ananya,0.4,26.0,101.1
1772635352.2671866,Ananya,0.1,26.0,149.1
1772635353.5056798,Ananya,0.0,26.0,101.1
1772635353.8793747,Ananya,0.2,26.0,105.1
1772635356.2693477,Ananya,0.0,26.0,153.1
1772635357.5072358,Ananya,0.4,26.0,105.1
1772635357.8809345,Ananya,0.4,26.0,109.1
1772635360.2708564,Ananya,0.7,26.0,157.1
1772635361.508555,Ananya,0.1,26.0,109.1
1772635361.8825107,Ananya,0.1,26.0,113.1
1772635364.2725222,Ananya,0.1,26.0,161.1
1772635365.5101292,Ananya,11.2,26.5,113.1
1772635365.8844125,Ananya,16.4,27.0,117.1
1772635368.273864,Ananya,2.4,27.8,165.1
1772635369.5116928,Ananya,0.1,27.8,117.1
1772635369.8856876,Ananya,0.8,27.9,121.1
1772635372.2750635,Ananya,0.8,27.9,169.1
1772635373.5131524,Ananya,0.1,27.8,121.1
1772635373.8874538,Ananya,0.2,27.8,125.1
1772635376.2766254,Ananya,1.9,27.9,173.1
1772635377.5149717,Ananya,1.3,27.9,125.1
1772635377.8889244,Ananya,1.3,27.9,129.1
1772635380.2783194,Ananya,1.3,27.9,177.1
1772635381.5174377,Ananya,0.2,27.9,129.1
1772635381.8906567,Ananya,0.2,27.9,133.1
1772635384.2796092,Ananya,0.0,27.9,181.1
1772635385.519728,Ananya,0.7,27.9,133.1
1772635385.892181,Ananya,0.1,27.9,137.1
1772635388.2808774,Ananya,0.0,27.8,185.1
1772635389.5218248,Ananya,0.1,27.8,137.1
1772635389.8934271,Ananya,0.8,27.9,141.1
1772635392.2819862,Ananya,0.8,27.8,189.1
1772635393.5233123,Ananya,0.1,27.8,141.1
1772635393.8946126,Ananya,0.3,27.8,145.1
1772635396.2834575,Ananya,0.1,27.8,193.1
1772635397.5248475,Ananya,0.9,27.9,145.1
1772635397.8958397,Ananya,3.3,27.4,149.1
1772635400.2849069,Ananya,0.7,27.1,197.1
1772635401.5266967,Ananya,0.1,27.1,149.1
1772635401.897126,Ananya,0.2,27.1,153.1
1772635404.286884,Ananya,0.0,27.2,201.1
1772635405.5283465,Ananya,0.7,27.1,153.1
1772635405.8982308,Ananya,0.2,27.1,157.1
1772635408.288231,Ananya,0.1,27.1,205.1
1772635409.5295851,Ananya,0.2,27.2,157.1
1772635409.8993452,Ananya,1.0,27.2,161.1
1772635412.2901847,Ananya,0.7,27.2,209.1
1772635413.5312767,Ananya,0.1,27.2,161.1
1772635413.9009447,Ananya,0.3,27.2,165.1
1772635416.2918513,Ananya,0.1,27.1,213.1
1772635417.5327957,Ananya,0.8,27.2,165.1
1772635417.9023201,Ananya,0.9,27.2,169.1
1772635420.2934914,Ananya,0.6,27.1,217.1
1772635421.5344255,Ananya,0.1,27.1,169.1
1772635421.9034705,Ananya,0.2,27.1,173.1
1772635424.2951405,Ananya,0.1,27.1,221.1
1772635425.5362344,Ananya,0.7,27.2,173.1
1772635425.9050407,Ananya,0.2,27.2,177.1
1772635428.2962048,Ananya,0.7,27.1,225.1
1772635429.5375845,Ananya,0.0,27.1,177.1
1772635429.9067252,Ananya,0.7,27.2,181.1
1772635432.2976656,Ananya,0.0,27.2,229.1
1772635433.539094,Ananya,0.2,27.2,181.1
1772635433.908096,Ananya,0.2,27.2,185.1
1772635436.2993603,Ananya,0.0,27.2,233.1
1772635437.5406637,Ananya,0.7,27.2,185.1
1772635437.9095852,Ananya,0.7,27.2,189.1
1772635440.3009403,Ananya,0.6,27.2,237.1
1772635441.5419242,Ananya,0.1,27.2,189.1
1772635441.9108915,Ananya,0.1,27.2,193.1
1772635444.3024633,Ananya,0.1,27.2,241.1
1772635445.5437825,Ananya,0.7,27.2,193.1
1772635445.9125574,Ananya,0.7,27.1,197.1
1772635448.303796,Ananya,0.6,27.2,245.1
1772635449.5454674,Ananya,0.2,27.1,197.1
1772635449.9136496,Ananya,0.2,27.1,201.1
1772635452.305228,Ananya,0.1,27.2,249.1
1772635453.546873,Ananya,0.3,27.2,201.1
1772635453.9154074,Ananya,0.2,27.2,205.1
1772635456.3064575,Ananya,0.0,27.2,253.1
1772635457.5481348,Ananya,0.4,27.2,205.1
1772635457.916775,Ananya,0.7,27.2,209.1
1772635460.307714,Ananya,0.7,27.2,257.1
1772635461.5493202,Ananya,0.1,27.2,209.1
1772635461.917977,Ananya,0.2,27.2,213.1
1772635464.3091748,Ananya,0.0,27.2,261.1
1772635465.550722,Ananya,0.7,27.2,213.1
1772635465.919082,Ananya,0.8,27.2,217.1
1772635468.311073,Ananya,0.5,27.2,265.1
1772635469.5521083,Ananya,0.1,27.2,217.1
1772635469.9208581,Ananya,0.1,27.2,221.1
1772635472.3124156,Ananya,0.0,27.2,269.1
1772635473.5541785,Ananya,0.6,27.2,221.1
1772635473.9221964,Ananya,0.1,27.2,225.1
1772635476.3142674,Ananya,0.1,27.2,273.1
1772635477.555706,Ananya,0.1,27.2,225.1
1772635477.923442,Ananya,0.6,27.2,229.1
1772635480.3159466,Ananya,0.7,27.2,277.1
1772635481.5573502,Ananya,0.0,27.2,229.1
1772635481.924665,Ananya,0.2,27.2,233.1
1772635484.3179777,Ananya,0.0,27.2,281.1
1772635485.5585508,Ananya,0.9,27.2,233.1
1772635485.9258742,Ananya,1.0,27.2,237.1
1772635488.3195648,Ananya,0.6,27.2,285.1
1772635489.5600283,Ananya,0.1,27.2,237.1
1772635489.9276025,Ananya,0.2,27.2,241.1
1772635492.3211882,Ananya,0.0,27.2,289.1
1772635493.5618656,Ananya,0.8,27.2,241.1
1772635493.9289296,Ananya,0.2,27.2,245.1
1772635496.3226407,Ananya,0.2,27.2,293.1
1772635497.5630782,Ananya,0.1,27.2,245.1
1772635497.9302416,Ananya,0.9,27.2,249.1
1772635500.3240287,Ananya,0.3,27.2,297.1
1772635501.5646272,Ananya,0.1,27.2,249.1
1772635501.9314704,Ananya,0.2,27.2,253.1
1772635504.3256435,Ananya,0.1,27.2,301.1
1772635505.5661466,Ananya,0.7,27.2,253.1
1772635505.9325898,Ananya,0.8,27.1,257.1
1772635508.327582,Ananya,0.6,27.2,305.1
1772635509.5677645,Ananya,0.1,27.2,257.1
1772635509.9340413,Ananya,0.2,27.2,261.1
1772635512.3290493,Ananya,0.0,27.2,309.1
1772635513.5689704,Ananya,0.8,27.2,261.1
1772635513.9351184,Ananya,0.2,27.2,265.1
1772635516.3307946,Ananya,0.4,27.2,313.1
1772635517.5703025,Ananya,0.1,27.2,265.1
1772635517.936647,Ananya,0.8,27.2,269.1
1772635520.331953,Ananya,0.3,27.2,317.1
1772635521.5718067,Ananya,0.1,27.2,269.1
1772635521.9377532,Ananya,0.2,27.2,273.1
1772635524.3332138,Ananya,0.0,27.2,321.2
1772635525.5731385,Ananya,0.6,27.2,273.1
1772635525.9390838,Ananya,0.7,27.2,277.1
1772635528.334474,Ananya,0.7,27.2,325.2
1772635529.574161,Ananya,0.0,27.2,277.1
1772635529.9408138,Ananya,0.2,27.2,281.1
1772635532.3359377,Ananya,0.1,27.2,329.2
1772635533.575382,Ananya,0.6,27.2,281.1
1772635533.942411,Ananya,0.1,27.2,285.1
1772635536.3371847,Ananya,0.3,27.2,333.2
1772635537.57687,Ananya,0.1,27.2,285.1
1772635537.9436398,Ananya,0.8,27.2,289.1
1772635540.3382378,Ananya,0.4,27.2,337.2
1772635541.578079,Ananya,0.0,27.2,289.1
1772635541.944977,Ananya,0.0,27.2,293.1
1772635544.3396053,Ananya,0.0,27.2,341.2
1772635545.5794365,Ananya,1.8,27.2,293.1
1772635545.946002,Ananya,1.6,27.2,297.1
1772635548.3409543,Ananya,0.8,27.2,345.2
1772635549.5807846,Ananya,0.1,27.2,297.1
1772635549.9473464,Ananya,0.2,27.2,301.1
1772635552.3421388,Ananya,0.0,27.2,349.2
1772635553.5823166,Ananya,0.6,27.2,301.1
1772635553.9488633,Ananya,0.2,27.2,305.1
1772635556.343521,Ananya,0.1,27.2,353.2
1772635557.5834827,Ananya,0.1,27.2,305.1
1772635557.9499388,Ananya,0.7,27.2,309.1
1772635560.3447506,Ananya,0.6,27.2,357.2
1772635561.5850527,Ananya,0.1,27.2,309.1
1772635561.9511764,Ananya,0.2,27.2,313.1
1772635564.3459275,Ananya,0.0,27.2,361.2
1772635565.5860534,Ananya,0.6,27.2,313.1
1772635565.9525537,Ananya,0.7,27.2,317.1
1772635568.3475957,Ananya,0.5,27.2,365.2
1772635569.5871148,Ananya,0.1,27.2,317.1
1772635569.95354,Ananya,0.1,27.2,321.1
1772635572.3490796,Ananya,0.0,27.2,369.2
1772635573.5882087,Ananya,0.4,27.2,321.1
1772635573.9547374,Ananya,0.3,27.2,325.1
1772635576.3504653,Ananya,0.1,27.2,373.2
1772635577.5900815,Ananya,0.6,27.3,325.1
1772635577.9559956,Ananya,0.7,27.2,329.1
1772635580.3517392,Ananya,0.7,27.2,377.2
1772635581.5915515,Ananya,0.1,27.2,329.1
1772635581.9572928,Ananya,0.1,27.2,333.1
1772635584.3531942,Ananya,0.0,27.2,381.2
1772635585.5930161,Ananya,0.5,27.2,333.1
1772635585.9585772,Ananya,0.4,27.2,337.1
1772635588.3547952,Ananya,0.5,27.2,385.2
1772635589.5942113,Ananya,0.1,27.2,337.1
1772635589.959637,Ananya,0.5,27.2,341.1
1772635592.35708,Ananya,0.1,27.2,389.2
1772635593.5955243,Ananya,0.1,27.2,341.1
1772635593.9609318,Ananya,0.1,27.2,345.1
1772635596.3590188,Ananya,0.0,27.2,393.2
1772635597.597291,Ananya,0.7,27.2,345.2
1772635597.9624698,Ananya,0.7,27.2,349.1
1772635600.3603604,Ananya,0.6,27.2,397.2
1772635601.5984113,Ananya,0.1,27.2,349.2
1772635601.9639628,Ananya,0.3,27.2,353.2
1772635604.3620198,Ananya,0.0,27.2,401.2
1772635605.5998855,Ananya,0.7,27.2,353.2
1772635605.9653413,Ananya,0.2,27.2,357.2
1772635608.363289,Ananya,0.2,27.2,405.2
1772635609.6012812,Ananya,0.1,27.2,357.2
1772635609.9666967,Ananya,0.8,27.2,361.2
1772635612.3644712,Ananya,0.5,27.2,409.2
1772635613.6026208,Ananya,0.1,27.2,361.2
1772635613.9681075,Ananya,0.2,27.2,365.2
1772635616.3662813,Ananya,0.0,27.2,413.2
1772635617.6039953,Ananya,0.8,27.2,365.2
1772635617.9696307,Ananya,0.8,27.2,369.2
1772635620.3675835,Ananya,0.6,27.2,417.2
1772635621.605408,Ananya,0.1,27.2,369.2
1772635621.9708567,Ananya,0.2,27.2,373.2
1772635624.3690295,Ananya,0.0,27.2,421.2
1772635625.6068432,Ananya,0.7,27.2,373.2
1772635625.9724185,Ananya,0.3,27.2,377.2
1772635628.3703406,Ananya,0.1,27.2,425.2
1772635629.6080728,Ananya,0.3,27.2,377.2
1772635629.9738798,Ananya,0.6,27.2,381.2
1772635632.372146,Ananya,0.5,27.2,429.2
1772635633.6092103,Ananya,0.1,27.2,381.2
1772635633.975316,Ananya,0.2,27.2,385.2
1772635636.3738387,Ananya,0.0,27.2,433.2
1772635637.6105595,Ananya,0.9,27.2,385.2
1772635637.9765997,Ananya,0.9,27.2,389.2
1772635640.37533,Ananya,0.6,27.2,437.2
1772635641.6122122,Ananya,0.1,27.2,389.2
1772635641.9779902,Ananya,0.1,27.2,393.2
1772635644.376797,Ananya,0.0,27.2,441.2
1772635645.6136599,Ananya,0.1,27.2,393.2
1772635645.9796736,Ananya,0.2,27.2,397.2
1772635648.3779638,Ananya,0.0,27.2,445.2
1772635649.6148915,Ananya,0.8,27.3,397.2
1772635649.9809585,Ananya,0.9,27.2,401.2
1772635652.3795888,Ananya,0.6,27.3,449.2
1772635653.6165223,Ananya,0.1,27.2,401.2
1772635653.9827383,Ananya,0.2,27.2,405.2
1772635656.3813078,Ananya,0.0,27.2,453.2
1772635657.617961,Ananya,0.7,27.2,405.2
1772635657.984457,Ananya,0.3,27.2,409.2
1772635660.3827658,Ananya,0.4,27.2,457.2
1772635661.6193063,Ananya,0.1,27.2,409.2
1772635661.985472,Ananya,0.7,27.2,413.2
1772635664.384681,Ananya,0.4,27.2,461.2
1772635665.6207383,Ananya,0.1,27.2,413.2
1772635665.9869707,Ananya,0.2,27.2,417.2
1772635668.385663,Ananya,0.1,27.2,465.2
1772635669.6221614,Ananya,0.8,27.2,417.2
1772635669.9884236,Ananya,0.8,27.2,421.2
1772635672.387059,Ananya,0.5,27.2,469.2
1772635673.6238112,Ananya,0.1,27.2,421.2
1772635673.9900568,Ananya,0.1,27.2,425.2
1772635676.3887317,Ananya,0.0,27.2,473.2
1772635677.6253805,Ananya,0.6,27.2,425.2
1772635677.991426,Ananya,0.2,27.2,429.2
1772635680.390284,Ananya,0.1,27.2,477.2
1772635681.627173,Ananya,0.1,27.2,429.2
1772635681.9926798,Ananya,0.7,27.2,433.2
1772635684.3919349,Ananya,0.6,27.2,481.2
1772635685.6291728,Ananya,0.1,27.2,433.2
1772635685.9940557,Ananya,0.2,27.2,437.2
1772635688.3935156,Ananya,0.0,27.2,485.2
1772635689.6303954,Ananya,0.6,27.2,437.2
1772635689.9951384,Ananya,0.7,27.2,441.2
1772635692.3951793,Ananya,0.7,27.2,489.2
1772635693.6319253,Ananya,0.1,27.2,441.2
1772635693.9962041,Ananya,0.1,27.2,445.2
1772635696.39697,Ananya,0.1,27.2,493.2
1772635697.633118,Ananya,0.3,27.2,445.2
1772635697.9978437,Ananya,0.1,27.2,449.2
1772635700.3992207,Ananya,0.0,27.2,497.2
1772635701.6344404,Ananya,0.6,27.3,449.2
1772635701.9994447,Ananya,0.7,27.2,453.2
1772635704.400711,Ananya,0.6,27.2,501.2
1772635705.6357174,Ananya,0.1,27.2,453.2
1772635706.000604,Ananya,0.1,27.2,457.2
1772635708.4022305,Ananya,0.0,27.2,505.2
1772635709.6373081,Ananya,0.7,27.2,457.2
1772635710.001765,Ananya,0.6,27.2,461.2
1772635712.4035301,Ananya,0.6,27.2,509.2
1772635713.6387806,Ananya,0.1,27.2,461.2
1772635714.0031903,Ananya,0.3,27.2,465.2
1772635716.4049942,Ananya,0.0,27.2,513.2
1772635717.6400516,Ananya,0.1,27.2,465.2
1772635718.0041418,Ananya,0.1,27.2,469.2
1772635720.406527,Ananya,0.1,27.2,517.2
1772635721.6416004,Ananya,0.7,27.2,469.2
1772635722.0058312,Ananya,0.8,27.2,473.2
1772635724.408115,Ananya,0.6,27.2,521.2
1772635725.642917,Ananya,0.1,27.2,473.2
1772635726.006976,Ananya,0.1,27.2,477.2
1772635728.409576,Ananya,0.0,27.2,525.2
1772635729.6444416,Ananya,0.6,27.2,477.2
1772635730.0079908,Ananya,0.3,27.2,481.2
1772635732.4109666,Ananya,0.8,27.2,529.2
1772635733.6458938,Ananya,0.0,27.2,481.2
1772635734.0098171,Ananya,0.5,27.2,485.2
1772635736.4133558,Ananya,0.3,27.2,533.2
1772635737.6475809,Ananya,0.2,27.2,485.2
1772635738.0108948,Ananya,0.2,27.2,489.2
1772635740.414376,Ananya,0.0,27.2,537.2
1772635741.6488628,Ananya,0.7,27.2,489.2
1772635742.0122108,Ananya,0.8,27.2,493.2
1772635744.4157066,Ananya,0.6,27.2,541.2
1772635745.6500707,Ananya,0.1,27.2,493.2
1772635746.013647,Ananya,0.1,27.2,497.2
1772635748.4171405,Ananya,0.0,27.2,545.2
1772635749.6513402,Ananya,0.7,27.2,497.2
1772635750.0150847,Ananya,0.1,27.2,501.2
1772635752.4185128,Ananya,0.3,27.2,549.2
1772635753.6524653,Ananya,0.1,27.2,501.2
1772635754.0163362,Ananya,0.7,27.2,505.2
1772635756.4198747,Ananya,0.7,27.3,553.2
1772635757.653646,Ananya,0.1,27.2,505.2
1772635758.0178266,Ananya,0.1,27.2,509.2
1772635760.421196,Ananya,0.0,27.2,557.2
1772635761.6547773,Ananya,0.6,27.2,509.2
1772635762.0195196,Ananya,0.8,27.2,513.2
1772635764.422602,Ananya,0.5,27.3,561.2
1772635765.6561296,Ananya,0.1,27.2,513.2
1772635766.0208237,Ananya,0.2,27.2,517.2
1772635768.4238443,Ananya,0.0,27.2,565.2
1772635769.6573489,Ananya,0.8,27.3,517.2
1772635770.0218651,Ananya,0.1,27.2,521.2
1772635772.425276,Ananya,0.0,27.2,569.2
1772635773.6584098,Ananya,0.0,27.2,521.2
1772635774.0231204,Ananya,0.8,27.2,525.2
1772635776.4265928,Ananya,0.6,27.3,573.2
1772635777.6597366,Ananya,0.1,27.2,525.2
1772635778.024427,Ananya,0.1,27.2,529.2
1772635780.4281805,Ananya,0.1,27.2,577.2
1772635781.6610866,Ananya,0.5,27.2,529.2
1772635782.0256748,Ananya,0.6,27.2,533.2
1772635784.429701,Ananya,0.5,27.2,581.2
1772635785.6624906,Ananya,0.0,27.2,533.2
1772635786.0270689,Ananya,0.2,27.2,537.2
1772635788.4310036,Ananya,0.0,27.2,585.2
1772635789.6638348,Ananya,0.1,27.2,537.2
1772635790.028332,Ananya,0.1,27.2,541.2
1772635792.4325068,Ananya,0.0,27.2,589.3
1772635793.665212,Ananya,0.5,27.2,541.2
1772635794.0294287,Ananya,0.6,27.2,545.2
1772635796.4336772,Ananya,0.7,27.2,593.3
1772635797.66649,Ananya,0.1,27.2,545.2
1772635798.0308068,Ananya,0.2,27.2,549.2
1772635800.4349124,Ananya,0.0,27.2,597.3
1772635801.6677248,Ananya,0.6,27.2,549.2
1772635802.032536,Ananya,0.1,27.2,553.2
1772635804.4362938,Ananya,0.1,27.2,601.3
1772635805.6690404,Ananya,0.1,27.2,553.2
1772635806.0340416,Ananya,0.7,27.2,557.2
1772635808.4377983,Ananya,1.5,27.2,605.3
1772635809.6703267,Ananya,1.3,27.2,557.2
1772635810.035342,Ananya,0.4,27.2,561.2
1772635812.4389899,Ananya,0.0,27.2,609.3
1772635813.671694,Ananya,0.5,27.2,561.2
1772635814.0366557,Ananya,0.6,27.2,565.2
1772635816.4408882,Ananya,0.5,27.2,613.3
1772635817.6733925,Ananya,0.1,27.2,565.2
1772635818.0380495,Ananya,0.2,27.2,569.2
1772635820.4427702,Ananya,0.1,27.2,617.3
1772635821.674982,Ananya,0.2,27.2,569.2
1772635822.0394547,Ananya,0.2,27.2,573.2
1772635824.4440336,Ananya,0.1,27.3,621.3
1772635825.676348,Ananya,0.6,27.2,573.2
1772635826.0408964,Ananya,0.8,27.2,577.2
1772635828.4456491,Ananya,0.7,27.2,625.3
1772635829.6774676,Ananya,0.1,27.2,577.2
1772635830.042029,Ananya,0.1,27.2,581.2
1772635832.4471688,Ananya,0.1,27.3,629.3
1772635833.678833,Ananya,0.6,27.3,581.2
1772635834.0432432,Ananya,0.1,27.3,585.2
1772635836.4484408,Ananya,0.0,27.3,633.3
1772635837.6804736,Ananya,0.1,27.3,585.2
1772635838.044583,Ananya,0.7,27.3,589.2
1772635840.449691,Ananya,0.6,27.2,637.3
1772635841.681755,Ananya,0.1,27.2,589.2
1772635842.046609,Ananya,0.2,27.2,593.2
1772635844.4519687,Ananya,0.0,27.3,641.3
1772635845.682933,Ananya,0.8,27.3,593.2
1772635846.0478263,Ananya,0.9,27.3,597.2
1772635848.4533997,Ananya,0.6,27.3,645.3
1772635849.684118,Ananya,0.1,27.3,597.2
1772635850.0493004,Ananya,0.2,27.3,601.2
1772635852.4550672,Ananya,0.0,27.3,649.3
1772635853.685306,Ananya,0.3,27.2,601.2
1772635854.0506604,Ananya,0.1,27.2,605.2
1772635856.456971,Ananya,0.0,27.2,653.3
1772635857.6864836,Ananya,0.7,27.3,605.2
1772635858.0521674,Ananya,0.9,27.3,609.2
1772635860.458429,Ananya,0.6,27.3,657.3
1772635861.6877596,Ananya,0.1,27.3,609.2
1772635862.053842,Ananya,0.1,27.3,613.2
1772635864.4595945,Ananya,0.0,27.2,661.3
1772635865.6892416,Ananya,0.7,27.3,613.2
1772635866.054902,Ananya,0.3,27.3,617.2
1772635868.4609694,Ananya,0.5,27.3,665.3
1772635869.6909199,Ananya,0.1,27.3,617.2
1772635870.0559587,Ananya,0.8,27.2,621.2
1772635872.4622867,Ananya,0.5,27.3,669.3
1772635873.69236,Ananya,0.1,27.2,621.2
1772635874.0574088,Ananya,0.2,27.2,625.2
1772635876.4634318,Ananya,0.0,27.3,673.3
1772635877.6935413,Ananya,0.6,27.3,625.2
1772635878.05876,Ananya,0.7,27.3,629.2
1772635880.4650087,Ananya,0.5,27.3,677.3
1772635881.694866,Ananya,0.1,27.3,629.2
1772635882.0599968,Ananya,0.2,27.3,633.2
1772635884.4664354,Ananya,0.1,27.3,681.3
1772635885.6964045,Ananya,0.5,27.2,633.3
1772635886.0613477,Ananya,0.1,27.2,637.2
1772635888.467764,Ananya,0.0,27.2,685.3
1772635889.6976187,Ananya,0.5,27.3,637.3
1772635890.0627263,Ananya,0.5,27.2,641.2
1772635892.4691894,Ananya,0.6,27.2,689.3
1772635893.6990051,Ananya,0.1,27.2,641.3
1772635894.064068,Ananya,0.2,27.2,645.3
1772635896.4704804,Ananya,0.0,27.2,693.3
1772635897.7001276,Ananya,0.6,27.2,645.3
1772635898.065277,Ananya,0.2,27.2,649.3
1772635900.4715283,Ananya,0.3,27.2,697.3
1772635901.7015288,Ananya,0.1,27.2,649.3
1772635902.0666096,Ananya,0.6,27.2,653.3
1772635904.4728947,Ananya,0.7,27.2,701.3
1772635905.7029114,Ananya,0.1,27.2,653.3
1772635906.0679033,Ananya,0.3,27.2,657.3
1772635908.4743705,Ananya,0.0,27.2,705.3
1772635909.7042892,Ananya,0.6,27.2,657.3
1772635910.069232,Ananya,0.6,27.2,661.3
1772635912.475653,Ananya,0.5,27.2,709.3
1772635913.7056794,Ananya,0.1,27.2,661.3
1772635914.0703404,Ananya,0.1,27.2,665.3
1772635916.4771223,Ananya,0.0,27.3,713.3
1772635917.7070105,Ananya,0.1,27.3,665.3
1772635918.0716722,Ananya,0.1,27.3,669.3
1772635920.4784327,Ananya,0.1,27.2,717.3
1772635921.70842,Ananya,0.6,27.2,669.3
1772635922.0731606,Ananya,0.7,27.2,673.3
1772635924.4796648,Ananya,0.5,27.2,721.3
1772635925.70948,Ananya,0.1,27.2,673.3
1772635926.0742424,Ananya,0.1,27.2,677.3
1772635928.4810836,Ananya,0.0,27.2,725.3
1772635929.710838,Ananya,0.5,27.3,677.3
1772635930.0756505,Ananya,0.2,27.2,681.3
1772635932.4824061,Ananya,0.0,27.3,729.3
1772635933.7120562,Ananya,0.2,27.3,681.3
1772635934.0770922,Ananya,0.6,27.3,685.3
1772635936.483677,Ananya,0.5,27.3,733.3
1772635937.713294,Ananya,0.0,27.2,685.3
1772635938.0782547,Ananya,0.1,27.2,689.3
1772635940.4851162,Ananya,0.0,27.3,737.3
1772635941.714596,Ananya,0.5,27.3,689.3
1772635942.0794249,Ananya,0.3,27.2,693.3
1772635944.4863148,Ananya,0.2,27.3,741.3
1772635945.7159784,Ananya,0.1,27.3,693.3
1772635946.0805695,Ananya,0.6,27.3,697.3
1772635948.4875836,Ananya,0.5,27.3,745.3
1772635949.7171607,Ananya,0.1,27.3,697.3
1772635950.0816383,Ananya,0.2,27.3,701.3
1772635952.4890776,Ananya,0.0,27.3,749.3
1772635953.7184029,Ananya,0.5,27.3,701.3
1772635954.082981,Ananya,0.7,27.3,705.3
1772635956.4904356,Ananya,0.4,27.3,753.3
1772635957.7198436,Ananya,0.2,27.3,705.3
1772635958.0842187,Ananya,0.2,27.3,709.3
1772635960.4921615,Ananya,0.1,27.3,757.3
1772635961.7211707,Ananya,0.1,27.3,709.3
1772635962.0858946,Ananya,0.1,27.3,713.3
1772635964.4936306,Ananya,0.0,27.2,761.3
1772635965.7224503,Ananya,0.7,27.3,713.3
1772635966.0876458,Ananya,0.7,27.3,717.3
1772635968.4951718,Ananya,0.5,27.3,765.3
1772635969.7238007,Ananya,0.0,27.3,717.3
1772635970.089366,Ananya,0.2,27.3,721.3
1772635972.4970624,Ananya,0.0,27.2,769.3
1772635973.7252924,Ananya,0.7,27.3,721.3
1772635974.0909843,Ananya,0.2,27.3,725.3
1772635976.4984283,Ananya,0.0,27.2,773.3
1772635977.7268014,Ananya,0.3,27.3,725.3
1772635978.092509,Ananya,0.8,27.3,729.3
1772635980.5003448,Ananya,0.7,27.2,777.3
1772635981.728221,Ananya,0.1,27.2,729.3
1772635982.0939353,Ananya,0.1,27.2,733.3
1772635984.5018651,Ananya,0.0,27.2,781.3
1772635985.7299998,Ananya,0.6,27.3,733.3
1772635986.0952916,Ananya,0.4,27.2,737.3
1772635988.5033698,Ananya,0.6,27.3,785.3
1772635989.7313526,Ananya,0.1,27.3,737.3
1772635990.0971725,Ananya,0.6,27.3,741.3
1772635992.504963,Ananya,0.4,27.3,789.3
1772635993.7325404,Ananya,0.2,27.3,741.3
1772635994.0985227,Ananya,0.2,27.3,745.3
1772635996.5061927,Ananya,0.0,27.3,793.3
1772635997.733867,Ananya,0.5,27.3,745.3
1772635998.1000369,Ananya,0.6,27.3,749.3
1772636000.5078626,Ananya,0.6,27.3,797.3
1772636001.73511,Ananya,0.1,27.3,749.3
1772636002.1018488,Ananya,0.2,27.3,753.3
1772636004.509003,Ananya,0.0,27.3,801.3
1772636005.7360823,Ananya,0.4,27.3,753.3
1772636006.1030076,Ananya,0.1,27.3,757.3
1772636008.5108254,Ananya,0.0,27.3,805.3
1772636009.7374022,Ananya,0.6,27.3,757.3
1772636010.1044333,Ananya,0.7,27.3,761.3
1772636012.5123956,Ananya,0.4,27.3,809.3
1772636013.7387965,Ananya,0.0,27.3,761.3
1772636014.1058273,Ananya,0.2,27.3,765.3
1772636016.5139918,Ananya,0.1,27.3,813.3
1772636017.7403393,Ananya,0.6,27.3,765.3
1772636018.107011,Ananya,0.3,27.3,769.3
1772636020.5160944,Ananya,0.4,27.3,817.3
1772636021.7419927,Ananya,0.2,27.3,769.3
1772636022.108815,Ananya,0.7,27.3,773.3
1772636024.5178273,Ananya,0.5,27.3,821.3
1772636025.743212,Ananya,0.1,27.3,773.3
1772636026.1103559,Ananya,0.1,27.3,777.3
1772636028.5192072,Ananya,0.1,27.3,825.3
1772636029.7446442,Ananya,0.6,27.3,777.3
1772636030.111827,Ananya,0.7,27.3,781.3
1772636032.5208478,Ananya,0.5,27.3,829.3
1772636033.746385,Ananya,0.1,27.3,781.3
1772636034.1133182,Ananya,0.1,27.3,785.3
1772636036.522371,Ananya,0.1,27.3,833.3
1772636037.7474966,Ananya,0.4,27.3,785.3
1772636038.115365,Ananya,0.2,27.3,789.3
1772636040.5243511,Ananya,0.0,27.3,837.3
1772636041.7490218,Ananya,0.8,27.3,789.3
1772636042.1172597,Ananya,0.8,27.3,793.3
1772636044.5259402,Ananya,0.5,27.3,841.3
1772636045.750403,Ananya,0.1,27.3,793.3
1772636046.118741,Ananya,0.1,27.3,797.3
1772636048.5280356,Ananya,0.1,27.3,845.3
1772636049.752053,Ananya,0.7,27.3,797.3
1772636050.120148,Ananya,0.2,27.3,801.3
1772636052.5302227,Ananya,0.4,27.3,849.3
1772636053.753635,Ananya,0.1,27.3,801.3
1772636054.1216466,Ananya,0.8,27.3,805.3
1772636056.5316057,Ananya,0.4,27.3,853.3
1772636057.7552083,Ananya,0.1,27.3,805.3
1772636058.1234288,Ananya,0.2,27.3,809.3
1772636060.5333853,Ananya,0.0,27.3,857.4
1772636061.756847,Ananya,0.7,27.3,809.3
1772636062.1252577,Ananya,0.7,27.3,813.3
1772636064.5353005,Ananya,0.5,27.3,861.4
1772636065.7582617,Ananya,0.1,27.3,813.3
1772636066.127049,Ananya,0.2,27.3,817.3
1772636068.5372784,Ananya,0.0,27.3,865.4
1772636069.7598114,Ananya,0.2,27.3,817.3
1772636070.1281497,Ananya,0.2,27.3,821.3
1772636072.5391378,Ananya,0.1,27.3,869.4
1772636073.761335,Ananya,0.7,27.4,821.3
1772636074.129704,Ananya,0.7,27.3,825.3
1772636076.5411358,Ananya,0.6,27.3,873.4
1772636077.7627985,Ananya,0.2,27.3,825.3
1772636078.1315868,Ananya,0.2,27.3,829.3
1772636080.5431802,Ananya,0.1,27.3,877.4
1772636081.7640524,Ananya,0.7,27.3,829.3
1772636082.1328294,Ananya,0.2,27.3,833.3
1772636084.545261,Ananya,0.0,27.3,881.4
1772636085.7658534,Ananya,0.1,27.3,833.3
1772636086.1344678,Ananya,0.9,27.3,837.3
1772636088.5477874,Ananya,0.6,27.3,885.4
1772636089.767373,Ananya,0.5,27.3,837.3
1772636090.13622,Ananya,0.6,27.3,841.3
1772636092.5493844,Ananya,0.1,27.3,889.4
1772636093.7685983,Ananya,0.7,27.3,841.3
1772636094.1380103,Ananya,0.7,27.3,845.3
1772636096.552006,Ananya,0.5,27.3,893.4
1772636097.7704177,Ananya,0.2,27.3,845.3
1772636098.139467,Ananya,0.1,27.3,849.3
1772636100.5538304,Ananya,0.0,27.3,897.4
1772636101.7718582,Ananya,0.1,27.3,849.3
1772636102.1413736,Ananya,0.1,27.3,853.3
1772636104.5559359,Ananya,0.0,27.3,901.4
1772636105.773581,Ananya,0.7,27.3,853.3
1772636106.1430779,Ananya,0.7,27.3,857.3
1772636108.5576508,Ananya,0.5,27.3,905.4
1772636109.775303,Ananya,0.2,27.3,857.3
1772636110.1445963,Ananya,0.1,27.3,861.3
1772636112.5597715,Ananya,0.0,27.3,909.4
1772636113.776807,Ananya,0.6,27.3,861.3
1772636114.1466157,Ananya,0.1,27.2,865.3
1772636116.562,Ananya,0.0,27.3,913.4
1772636117.778107,Ananya,0.1,27.3,865.3
1772636118.1484604,Ananya,0.4,27.3,869.3
1772636120.5636265,Ananya,0.5,27.3,917.4
1772636121.7798843,Ananya,0.1,27.3,869.3
1772636122.1495795,Ananya,0.2,27.3,873.3
1772636124.5654762,Ananya,0.1,27.3,921.4
1772636125.7817714,Ananya,0.7,27.3,873.3
1772636126.1510358,Ananya,0.7,27.3,877.3
1772636128.567075,Ananya,0.5,27.3,925.4
1772636129.783368,Ananya,0.1,27.3,877.3
1772636130.1532514,Ananya,0.3,27.3,881.3
1772636132.5684102,Ananya,0.0,27.3,929.4
1772636133.7850225,Ananya,0.2,27.3,881.3
1772636134.1547394,Ananya,0.1,27.3,885.3
1772636136.5708277,Ananya,0.1,27.3,933.4
1772636137.78642,Ananya,0.7,27.3,885.3
1772636138.156676,Ananya,0.7,27.3,889.3
1772636140.573004,Ananya,0.5,27.3,937.4
1772636141.787842,Ananya,0.1,27.3,889.3
1772636142.1581888,Ananya,0.1,27.3,893.3
1772636144.574914,Ananya,0.0,27.3,941.4
1772636145.7895727,Ananya,0.5,27.3,893.3
1772636146.1597726,Ananya,0.1,27.3,897.3
1772636148.5763597,Ananya,0.1,27.3,945.4
1772636149.7910843,Ananya,0.1,27.3,897.3
1772636150.1614134,Ananya,0.7,27.3,901.3
1772636152.5782428,Ananya,0.5,27.3,949.4
1772636153.7923446,Ananya,0.1,27.3,901.3
1772636154.1628933,Ananya,0.2,27.3,905.3
1772636156.5800073,Ananya,0.0,27.3,953.4
1772636157.793751,Ananya,0.6,27.3,905.3
1772636158.1645617,Ananya,0.7,27.3,909.4
1772636160.581766,Ananya,0.5,27.3,957.4
1772636161.795066,Ananya,0.1,27.3,909.3
1772636162.1661694,Ananya,0.3,27.3,913.4
1772636164.5834696,Ananya,0.1,27.3,961.4
1772636165.7963977,Ananya,0.1,27.3,913.4
1772636166.1677277,Ananya,0.1,27.3,917.4
1772636168.58526,Ananya,0.1,27.3,965.4
1772636169.7979221,Ananya,0.6,27.3,917.4
1772636170.169384,Ananya,0.7,27.3,921.4
1772636172.5871186,Ananya,0.5,27.3,969.4
1772636173.7996385,Ananya,0.2,27.3,921.4
1772636174.1706345,Ananya,0.2,27.3,925.4
1772636176.5889325,Ananya,0.0,27.3,973.4
1772636177.801025,Ananya,0.5,27.4,925.4
1772636178.172017,Ananya,0.2,27.4,929.4
1772636180.5902286,Ananya,0.0,27.4,977.4
1772636181.8024879,Ananya,0.2,27.4,929.4
1772636182.1739945,Ananya,0.6,27.3,933.4
1772636184.5920517,Ananya,0.5,27.4,981.4
1772636185.8039167,Ananya,0.1,27.4,933.4
1772636186.1754684,Ananya,0.2,27.4,937.4
1772636188.594502,Ananya,0.0,27.3,985.4
1772636189.805401,Ananya,0.7,27.3,937.4
1772636190.1771185,Ananya,0.7,27.3,941.4
1772636192.596661,Ananya,0.5,27.4,989.4
1772636193.8068113,Ananya,0.1,27.4,941.4
1772636194.179467,Ananya,0.1,27.4,945.4
1772636196.5986476,Ananya,0.0,27.3,993.4
1772636197.8079958,Ananya,0.2,27.3,945.4
1772636198.181181,Ananya,0.2,27.3,949.4
1772636200.6001978,Ananya,0.1,27.3,997.4
1772636201.8094065,Ananya,0.6,27.4,949.4
1772636202.1829777,Ananya,0.7,27.3,953.4
1772636204.6017785,Ananya,0.6,27.4,1001.4
1772636205.8110228,Ananya,0.1,27.3,953.4
1772636206.1849422,Ananya,0.2,27.3,957.4
1772636208.6044314,Ananya,0.0,27.3,1005.4
1772636209.8123329,Ananya,0.6,27.3,957.4
1772636210.1867464,Ananya,0.2,27.3,961.4
1772636212.6057198,Ananya,0.1,27.3,1009.4
1772636213.8136094,Ananya,0.2,27.3,961.4
1772636214.1879575,Ananya,0.7,27.3,965.4
1772636216.606934,Ananya,0.7,27.3,1013.4
1772636217.8149004,Ananya,0.1,27.3,965.4
1772636218.1889741,Ananya,0.2,27.3,969.4
1772636220.608249,Ananya,0.0,27.3,1017.4
1772636221.816452,Ananya,0.7,27.3,969.4
1772636222.1902523,Ananya,0.7,27.3,973.4
1772636224.6096075,Ananya,0.7,27.3,1021.4
1772636225.8176744,Ananya,0.1,27.3,973.4
1772636226.191809,Ananya,0.2,27.3,977.4
1772636228.6110144,Ananya,0.1,27.3,1025.4
1772636229.819079,Ananya,0.5,27.3,977.4
1772636230.1932864,Ananya,0.2,27.3,981.4
1772636232.6123848,Ananya,0.0,27.3,1029.4
1772636233.820946,Ananya,0.2,27.3,981.4
1772636234.194783,Ananya,0.9,27.3,985.4
1772636236.613914,Ananya,0.6,27.4,1033.4
1772636237.8224313,Ananya,0.1,27.3,985.4
1772636238.1961393,Ananya,0.1,27.3,989.4
1772636240.6151974,Ananya,0.0,27.3,1037.4
1772636241.8238292,Ananya,0.7,27.3,989.4
1772636242.1975696,Ananya,0.8,27.3,993.4
1772636244.6168032,Ananya,0.6,27.4,1041.4
1772636245.8251963,Ananya,0.1,27.4,993.4
1772636246.1990178,Ananya,0.1,27.4,997.4
1772636248.6184645,Ananya,0.0,27.4,1045.4
1772636249.8265562,Ananya,0.3,27.4,997.4
1772636250.2003236,Ananya,0.1,27.4,1001.4
1772636252.619944,Ananya,0.1,27.4,1049.4
1772636253.828236,Ananya,0.3,27.4,1001.4
1772636254.2016115,Ananya,0.7,27.4,1005.4
1772636256.6212106,Ananya,0.4,27.4,1053.4
1772636257.8294203,Ananya,0.1,27.4,1005.4
1772636258.203354,Ananya,0.1,27.4,1009.4
1772636260.623498,Ananya,0.1,27.4,1057.4
1772636261.8307068,Ananya,0.6,27.3,1009.4
1772636262.2052085,Ananya,0.7,27.3,1013.4
1772636264.6246734,Ananya,0.6,27.4,1061.4
1772636265.8320496,Ananya,0.1,27.3,1013.4
1772636266.20632,Ananya,0.0,27.3,1017.4
1772636268.6262422,Ananya,0.0,27.4,1065.4
1772636269.833169,Ananya,0.3,27.3,1017.4
1772636270.2073133,Ananya,0.1,27.3,1021.4
1772636272.6274405,Ananya,0.0,27.3,1069.4
1772636273.8344884,Ananya,0.5,27.3,1021.4
1772636274.2088497,Ananya,0.8,27.3,1025.4
1772636276.6287267,Ananya,0.7,27.3,1073.4
1772636277.8357458,Ananya,0.1,27.3,1025.4
1772636278.2101398,Ananya,0.2,27.3,1029.4
1772636280.6300547,Ananya,0.0,27.3,1077.4
1772636281.8372073,Ananya,0.6,27.3,1029.4
1772636282.2114384,Ananya,0.7,27.4,1033.4
1772636284.6315312,Ananya,0.5,27.4,1081.4
1772636285.838494,Ananya,0.0,27.3,1033.4
1772636286.2130053,Ananya,0.1,27.3,1037.4
1772636288.6334064,Ananya,0.1,27.4,1085.5
1772636289.8396964,Ananya,0.2,27.4,1037.4
1772636290.214532,Ananya,0.2,27.3,1041.4
1772636292.6346347,Ananya,0.0,27.4,1089.5
1772636293.841412,Ananya,0.7,27.4,1041.4
1772636294.2162344,Ananya,0.6,27.4,1045.4
1772636296.6363697,Ananya,0.6,27.4,1093.5
1772636297.8425703,Ananya,0.2,27.4,1045.4
1772636298.217903,Ananya,0.3,27.4,1049.4
1772636300.6383672,Ananya,0.0,27.4,1097.5
1772636301.8439229,Ananya,0.7,27.4,1049.4
1772636302.2189505,Ananya,0.8,27.4,1053.4
1772636304.640415,Ananya,0.5,27.4,1101.5
1772636305.8456109,Ananya,0.1,27.4,1053.4
1772636306.220167,Ananya,0.3,27.4,1057.4
1772636308.6420326,Ananya,0.0,27.4,1105.5
1772636309.847047,Ananya,0.0,27.4,1057.4
1772636310.2222,Ananya,0.1,27.4,1061.4
1772636312.6438684,Ananya,0.1,27.4,1109.5
1772636313.84842,Ananya,0.5,27.4,1061.4
1772636314.2240648,Ananya,0.6,27.4,1065.4
1772636316.6453915,Ananya,0.7,27.4,1113.5
1772636317.8498762,Ananya,0.1,27.4,1065.4
1772636318.2260387,Ananya,0.2,27.4,1069.4
1772636320.6467905,Ananya,0.0,27.4,1117.5
1772636321.851377,Ananya,0.7,27.4,1069.4
1772636322.2277677,Ananya,0.5,27.3,1073.4
1772636324.6488256,Ananya,0.6,27.4,1121.5
1772636325.8527825,Ananya,0.1,27.4,1073.4
1772636326.2292569,Ananya,0.4,27.4,1077.4
1772636328.6503162,Ananya,0.0,27.4,1125.5
1772636329.853904,Ananya,0.1,27.4,1077.4
1772636330.2303061,Ananya,0.1,27.4,1081.4
1772636332.6519318,Ananya,0.0,27.4,1129.5
1772636333.855434,Ananya,0.7,27.4,1081.4
1772636334.2321365,Ananya,0.6,27.4,1085.4
1772636336.6539195,Ananya,0.8,27.4,1133.5
1772636337.856923,Ananya,0.1,27.4,1085.4
1772636338.2336152,Ananya,0.1,27.4,1089.4
1772636340.6555452,Ananya,0.0,27.4,1137.5
1772636341.858481,Ananya,0.8,27.4,1089.4
1772636342.234966,Ananya,0.5,27.4,1093.4
1772636344.657364,Ananya,0.7,27.4,1141.5
1772636345.8597872,Ananya,0.1,27.4,1093.4
1772636346.236353,Ananya,0.3,27.4,1097.4
1772636348.6588821,Ananya,0.1,27.4,1145.5
1772636349.8614545,Ananya,0.1,27.4,1097.4
1772636350.2376049,Ananya,0.1,27.4,1101.4
1772636352.6608236,Ananya,0.0,27.4,1149.5
1772636353.862773,Ananya,0.6,27.4,1101.4
1772636354.2394702,Ananya,0.7,27.4,1105.4
1772636356.6625934,Ananya,0.5,27.4,1153.5
1772636357.8643095,Ananya,0.1,27.4,1105.4
1772636358.2421727,Ananya,0.1,27.4,1109.4
1772636360.6644564,Ananya,0.1,27.4,1157.5
1772636361.865773,Ananya,0.6,27.4,1109.4
1772636362.243662,Ananya,0.4,27.4,1113.4
1772636364.6660013,Ananya,0.6,27.4,1161.5
1772636365.8668053,Ananya,0.1,27.4,1113.4
1772636366.245294,Ananya,0.4,27.4,1117.4
1772636368.6678896,Ananya,0.0,27.3,1165.5
1772636369.8680584,Ananya,0.1,27.4,1117.4
1772636370.2464223,Ananya,0.2,27.4,1121.4
1772636372.669764,Ananya,0.0,27.4,1169.5
1772636373.8698196,Ananya,0.7,27.4,1121.4
1772636374.2543838,Ananya,0.7,27.4,1125.4
1772636376.671774,Ananya,0.6,27.4,1173.5
1772636377.8710723,Ananya,0.1,27.4,1125.4
1772636378.2558048,Ananya,0.2,27.4,1129.4
1772636380.6730435,Ananya,0.1,27.4,1177.5
1772636381.8723433,Ananya,0.6,27.4,1129.4
1772636382.2571957,Ananya,0.2,27.4,1133.4
1772636384.6748664,Ananya,0.2,27.4,1181.5
1772636385.873786,Ananya,0.1,27.4,1133.4
1772636386.2590015,Ananya,0.6,27.4,1137.4
1772636388.6769538,Ananya,0.5,27.4,1185.5
1772636389.87543,Ananya,0.1,27.4,1137.4
1772636390.2601213,Ananya,0.2,27.4,1141.4
1772636392.678354,Ananya,0.1,27.4,1189.5
1772636393.8769882,Ananya,0.6,27.4,1141.4
1772636394.2613058,Ananya,0.6,27.4,1145.4
1772636396.6798353,Ananya,0.6,27.4,1193.5
1772636397.8784218,Ananya,0.1,27.4,1145.4
1772636398.262953,Ananya,0.2,27.4,1149.4
1772636400.6811993,Ananya,0.0,27.4,1197.5
1772636401.8799505,Ananya,0.7,27.4,1149.4
1772636402.2647965,Ananya,0.2,27.4,1153.5
1772636404.6827404,Ananya,0.2,27.3,1201.5
1772636405.881381,Ananya,0.1,27.3,1153.4
1772636406.2666001,Ananya,0.7,27.4,1157.5
1772636408.6841087,Ananya,0.5,27.4,1205.5
1772636409.8827,Ananya,0.1,27.4,1157.4
1772636410.2685509,Ananya,0.1,27.4,1161.5
1772636412.685289,Ananya,0.1,27.4,1209.5
1772636413.8841538,Ananya,0.7,27.4,1161.4
1772636414.2702875,Ananya,0.7,27.4,1165.5
1772636416.6869586,Ananya,0.5,27.4,1213.5
1772636417.8856196,Ananya,0.0,27.4,1165.4
1772636418.2718496,Ananya,0.1,27.4,1169.5
1772636420.6889648,Ananya,0.1,27.4,1217.5
1772636421.8872085,Ananya,0.8,27.4,1169.4
1772636422.2736237,Ananya,0.2,27.4,1173.5
1772636424.691144,Ananya,0.3,27.4,1221.5
1772636425.888514,Ananya,0.1,27.4,1173.4
1772636426.275375,Ananya,0.9,27.4,1177.5
1772636428.6931324,Ananya,0.4,27.4,1225.5
1772636429.8900886,Ananya,0.1,27.4,1177.4
1772636430.2768757,Ananya,0.2,27.4,1181.5
1772636432.6945426,Ananya,0.1,27.4,1229.5
1772636433.891925,Ananya,0.6,27.4,1181.4
1772636434.278488,Ananya,0.7,27.4,1185.5
1772636436.6960733,Ananya,0.4,27.4,1233.5
1772636437.8933957,Ananya,0.2,27.4,1185.4
1772636438.280416,Ananya,0.2,27.4,1189.5
1772636440.6979277,Ananya,0.1,27.4,1237.5
1772636441.8948514,Ananya,0.7,27.4,1189.4
1772636442.282894,Ananya,0.2,27.4,1193.5
1772636444.6998072,Ananya,0.2,27.4,1241.5
1772636445.896411,Ananya,0.1,27.4,1193.5
1772636446.2847009,Ananya,0.6,27.4,1197.5
1772636448.701623,Ananya,0.5,27.4,1245.5
1772636449.897768,Ananya,0.1,27.4,1197.5
1772636450.2862995,Ananya,0.2,27.4,1201.5
1772636452.7027328,Ananya,0.0,27.4,1249.5
1772636453.8992891,Ananya,0.7,27.4,1201.5
1772636454.2875545,Ananya,0.8,27.4,1205.5
1772636456.7053754,Ananya,0.5,27.4,1253.5
1772636457.9003649,Ananya,0.1,27.4,1205.5
1772636458.2895565,Ananya,0.1,27.4,1209.5
1772636460.7069728,Ananya,0.0,27.4,1257.5
1772636461.9015224,Ananya,0.6,27.4,1209.5
1772636462.2908964,Ananya,0.1,27.4,1213.5
1772636464.7092144,Ananya,0.1,27.4,1261.5
1772636465.9027462,Ananya,0.1,27.4,1213.5
1772636466.2930079,Ananya,0.6,27.4,1217.5
1772636468.710772,Ananya,0.4,27.4,1265.5
1772636469.9043682,Ananya,0.1,27.4,1217.5
1772636470.2941508,Ananya,0.1,27.4,1221.5
1772636472.7123568,Ananya,0.0,27.4,1269.5
1772636473.9056501,Ananya,0.7,27.4,1221.5
1772636474.295859,Ananya,0.6,27.4,1225.5
1772636476.7140977,Ananya,0.6,27.4,1273.5
1772636477.9073894,Ananya,0.1,27.4,1225.5
1772636478.298192,Ananya,0.2,27.4,1229.5
1772636480.7156415,Ananya,0.1,27.4,1277.5
1772636481.9087195,Ananya,0.6,27.4,1229.5
1772636482.3006237,Ananya,0.1,27.4,1233.5
1772636484.7172568,Ananya,0.0,27.4,1281.5
1772636485.9098458,Ananya,0.2,27.4,1233.5
1772636486.302388,Ananya,0.7,27.4,1237.5
1772636488.7191696,Ananya,0.6,27.4,1285.5
1772636489.9114172,Ananya,0.2,27.4,1237.5
1772636490.3039696,Ananya,0.2,27.4,1241.5
1772636492.720821,Ananya,0.0,27.4,1289.5
1772636493.9130356,Ananya,0.6,27.4,1241.5
1772636494.3057275,Ananya,0.7,27.4,1245.5
1772636496.7229517,Ananya,0.7,27.4,1293.5
1772636497.9145086,Ananya,0.0,27.4,1245.5
1772636498.3073604,Ananya,0.2,27.4,1249.5
1772636500.724199,Ananya,0.1,27.4,1297.5
1772636501.916009,Ananya,0.5,27.4,1249.5
1772636502.3093429,Ananya,0.2,27.4,1253.5
1772636504.7258825,Ananya,0.0,27.4,1301.5
1772636505.9173276,Ananya,0.2,27.4,1253.5
1772636506.3110147,Ananya,0.7,27.4,1257.5
1772636508.72734,Ananya,0.5,27.4,1305.5
1772636509.9188938,Ananya,0.1,27.4,1257.5
1772636510.31284,Ananya,0.1,27.4,1261.5
1772636512.7285929,Ananya,0.0,27.4,1309.5
1772636513.920215,Ananya,0.5,27.5,1261.5
1772636514.3146076,Ananya,0.6,27.4,1265.5
1772636516.730733,Ananya,0.7,27.4,1313.5
1772636517.921616,Ananya,0.1,27.4,1265.5
1772636518.3164573,Ananya,0.1,27.4,1269.5
1772636520.7328932,Ananya,0.0,27.4,1317.6
1772636521.923377,Ananya,0.7,27.4,1269.5
1772636522.3183227,Ananya,0.3,27.4,1273.5
1772636524.7349417,Ananya,0.1,27.5,1321.6
1772636525.924794,Ananya,0.0,27.5,1273.5
1772636526.3199067,Ananya,0.8,27.5,1277.5
1772636528.7366953,Ananya,0.6,27.5,1325.6
1772636529.9261415,Ananya,0.1,27.5,1277.5
1772636530.321734,Ananya,0.1,27.4,1281.5
1772636532.7380493,Ananya,0.0,27.4,1329.6
1772636533.9277344,Ananya,0.6,27.4,1281.5
1772636534.3235297,Ananya,0.7,27.4,1285.5
1772636536.7404037,Ananya,0.5,27.4,1333.6
1772636537.9291687,Ananya,0.2,27.4,1285.5
1772636538.3251736,Ananya,0.1,27.4,1289.5
1772636540.742357,Ananya,0.0,27.4,1337.6
1772636541.9304214,Ananya,0.7,27.4,1289.5
1772636542.3269148,Ananya,0.1,27.4,1293.5
1772636544.7438905,Ananya,0.4,27.4,1341.6
1772636545.9316304,Ananya,0.1,27.4,1293.5
1772636546.3285966,Ananya,0.7,27.5,1297.5
1772636548.7449155,Ananya,0.3,27.4,1345.6
1772636549.9330904,Ananya,0.1,27.4,1297.5
1772636550.3300865,Ananya,0.2,27.4,1301.5
1772636552.7461405,Ananya,0.1,27.4,1349.6
1772636553.9345613,Ananya,0.7,27.5,1301.5
1772636554.3314233,Ananya,0.7,27.4,1305.5
1772636556.7476134,Ananya,0.6,27.4,1353.6
1772636557.9357705,Ananya,0.2,27.4,1305.5
1772636558.3330014,Ananya,0.2,27.4,1309.5
1772636560.7488887,Ananya,0.0,27.4,1357.6
1772636561.9372978,Ananya,0.5,27.4,1309.5
1772636562.334892,Ananya,0.2,27.4,1313.5
1772636564.750512,Ananya,0.3,27.4,1361.6
1772636565.9386306,Ananya,0.1,27.4,1313.5
1772636566.3364599,Ananya,0.7,27.5,1317.5
1772636568.7522016,Ananya,0.2,27.5,1365.6
1772636569.940163,Ananya,0.1,27.4,1317.5
1772636570.337722,Ananya,0.1,27.4,1321.5
1772636572.7535067,Ananya,0.1,27.4,1369.6
1772636573.9416409,Ananya,0.5,27.4,1321.5
1772636574.3403974,Ananya,0.6,27.4,1325.5
1772636576.7552464,Ananya,0.5,27.4,1373.6
1772636577.9431224,Ananya,0.2,27.4,1325.5
1772636578.341981,Ananya,0.1,27.4,1329.5
1772636580.7572699,Ananya,0.0,27.4,1377.6
1772636581.9444444,Ananya,0.6,27.4,1329.5
1772636582.3434625,Ananya,0.3,27.4,1333.5
1772636584.7589378,Ananya,0.4,27.4,1381.6
1772636585.94591,Ananya,0.2,27.4,1333.5
1772636586.3451736,Ananya,0.5,27.4,1337.5
1772636588.7609265,Ananya,0.1,27.4,1385.6
1772636589.9471858,Ananya,0.1,27.4,1337.5
1772636590.346569,Ananya,0.3,27.4,1341.5
1772636592.7621255,Ananya,0.0,27.4,1389.6
1772636593.9487379,Ananya,0.7,27.4,1341.5
1772636594.348623,Ananya,0.8,27.4,1345.5
1772636596.7636454,Ananya,0.5,27.4,1393.6
1772636597.950153,Ananya,0.1,27.4,1345.5
1772636598.3505642,Ananya,0.1,27.4,1349.5
1772636600.765009,Ananya,0.0,27.4,1397.6
1772636601.9515426,Ananya,0.6,27.4,1349.5
1772636602.3519528,Ananya,0.5,27.4,1353.5
1772636604.766386,Ananya,0.5,27.4,1401.6
1772636605.9532871,Ananya,0.1,27.4,1353.5
1772636606.3531048,Ananya,0.4,27.4,1357.5
1772636608.768066,Ananya,0.1,27.4,1405.6
1772636609.954526,Ananya,0.2,27.4,1357.5
1772636610.354398,Ananya,0.1,27.4,1361.5
1772636612.7695444,Ananya,0.0,27.4,1409.6
1772636613.9557066,Ananya,0.6,27.4,1361.5
1772636614.356397,Ananya,0.7,27.4,1365.5
1772636616.7708619,Ananya,0.5,27.4,1413.6
1772636617.9570038,Ananya,0.1,27.4,1365.5
1772636618.3586826,Ananya,0.2,27.4,1369.5
1772636620.7721596,Ananya,0.1,27.5,1417.6
1772636621.958272,Ananya,0.7,27.5,1369.5
1772636622.3599875,Ananya,0.3,27.4,1373.5
1772636624.7743046,Ananya,0.6,27.5,1421.6
1772636625.9596102,Ananya,0.1,27.4,1373.5
1772636626.361803,Ananya,0.6,27.4,1377.5
1772636628.776217,Ananya,0.0,27.4,1425.6
1772636629.9612648,Ananya,0.1,27.4,1377.5
1772636630.3633072,Ananya,0.1,27.4,1381.6
1772636632.777567,Ananya,0.0,27.4,1429.6
1772636633.962822,Ananya,0.6,27.4,1381.5
1772636634.3649154,Ananya,0.8,27.4,1385.6
1772636636.77938,Ananya,0.6,27.4,1433.6
1772636637.964009,Ananya,0.1,27.4,1385.5
1772636638.3666568,Ananya,0.2,27.4,1389.6
1772636640.7813394,Ananya,0.0,27.4,1437.6
1772636641.9654775,Ananya,0.6,27.4,1389.5
1772636642.3682067,Ananya,0.4,27.4,1393.6
1772636644.7829847,Ananya,0.6,27.4,1441.6
1772636645.96719,Ananya,0.0,27.4,1393.5
1772636646.3702972,Ananya,0.4,27.5,1397.6
1772636648.7846272,Ananya,0.0,27.4,1445.6
1772636649.9685996,Ananya,0.1,27.5,1397.5
1772636650.3716793,Ananya,0.1,27.4,1401.6
1772636652.7860606,Ananya,0.1,27.4,1449.6
1772636653.9698915,Ananya,0.6,27.5,1401.5
1772636654.3732953,Ananya,0.6,27.4,1405.6
1772636656.7873745,Ananya,0.5,27.4,1453.6
1772636657.9712508,Ananya,0.1,27.4,1405.5
1772636658.3747969,Ananya,0.1,27.4,1409.6
1772636660.7893372,Ananya,0.0,27.4,1457.6
1772636661.9726765,Ananya,0.6,27.4,1409.5
1772636662.376795,Ananya,0.7,27.4,1413.6
1772636664.7913437,Ananya,0.5,27.5,1461.6
1772636665.9740624,Ananya,0.1,27.4,1413.5
1772636666.3788176,Ananya,0.2,27.4,1417.6
1772636668.7930365,Ananya,0.0,27.4,1465.6
1772636669.9754798,Ananya,0.4,27.4,1417.5
1772636670.3805673,Ananya,0.1,27.4,1421.6
1772636672.7947986,Ananya,0.1,27.5,1469.6
1772636673.977239,Ananya,0.4,27.5,1421.5
1772636674.382554,Ananya,0.7,27.4,1425.6
1772636676.7962446,Ananya,0.5,27.5,1473.6
1772636677.9783368,Ananya,0.1,27.5,1425.5
1772636678.3842182,Ananya,0.1,27.5,1429.6
1772636680.797788,Ananya,0.0,27.4,1477.6
1772636681.9797394,Ananya,0.7,27.5,1429.5
1772636682.3859584,Ananya,0.8,27.5,1433.6
1772636684.7998939,Ananya,0.5,27.5,1481.6
1772636685.981064,Ananya,0.1,27.5,1433.5
1772636686.3881166,Ananya,0.2,27.5,1437.6
1772636688.801651,Ananya,0.0,27.5,1485.6
1772636689.9822998,Ananya,0.7,27.5,1437.5
1772636690.3899941,Ananya,0.1,27.4,1441.6
1772636692.8035448,Ananya,0.1,27.5,1489.6
1772636693.9837015,Ananya,0.1,27.5,1441.5
1772636694.3915646,Ananya,0.6,27.5,1445.6
1772636696.8053572,Ananya,0.5,27.4,1493.6
1772636697.9850278,Ananya,0.1,27.4,1445.5
1772636698.3936787,Ananya,0.1,27.4,1449.6
1772636700.807247,Ananya,0.0,27.4,1497.6
1772636701.9868062,Ananya,0.6,27.4,1449.5
1772636702.3950443,Ananya,0.7,27.4,1453.6
1772636704.8092034,Ananya,0.7,27.4,1501.6
1772636705.9880378,Ananya,0.1,27.4,1453.5
1772636706.396548,Ananya,0.2,27.4,1457.6
1772636708.8110347,Ananya,0.1,27.4,1505.6
1772636709.9891126,Ananya,0.7,27.4,1457.5
1772636710.39863,Ananya,0.2,27.4,1461.6
1772636712.8129618,Ananya,0.1,27.4,1509.6
1772636713.990505,Ananya,0.2,27.4,1461.5
1772636714.3999271,Ananya,0.8,27.4,1465.6
1772636716.8146675,Ananya,0.6,27.4,1513.6
1772636717.9918127,Ananya,0.1,27.4,1465.5
1772636718.4010077,Ananya,0.2,27.4,1469.6
1772636720.8161576,Ananya,0.0,27.4,1517.6
1772636721.9931679,Ananya,0.6,27.4,1469.5
1772636722.4022205,Ananya,0.7,27.4,1473.6
1772636724.8185198,Ananya,0.6,27.4,1521.6
1772636725.9946206,Ananya,0.1,27.4,1473.5
1772636726.4039352,Ananya,0.1,27.4,1477.6
1772636728.8206003,Ananya,0.1,27.4,1525.6
1772636729.995784,Ananya,0.6,27.5,1477.6
1772636730.4052455,Ananya,0.1,27.4,1481.6
1772636732.8230941,Ananya,0.1,27.4,1529.6
1772636733.9974742,Ananya,0.1,27.4,1481.6
1772636734.4070196,Ananya,0.7,27.5,1485.6
1772636736.8243663,Ananya,0.6,27.5,1533.6
1772636737.9988787,Ananya,0.1,27.5,1485.6
1772636738.409176,Ananya,0.2,27.5,1489.6
1772636740.8256018,Ananya,0.0,27.5,1537.6
1772636742.0009072,Ananya,0.7,27.5,1489.6
1772636742.4106953,Ananya,0.6,27.5,1493.6
1772636744.82666,Ananya,0.6,27.5,1541.6
1772636746.002328,Ananya,0.1,27.5,1493.6
1772636746.4126668,Ananya,0.2,27.5,1497.6
1772636748.8289719,Ananya,0.0,27.5,1545.6
1772636750.0040004,Ananya,0.6,27.5,1497.6
1772636750.4148989,Ananya,0.1,27.5,1501.6
1772636752.830396,Ananya,0.2,27.5,1549.6
1772636754.005613,Ananya,0.1,27.5,1501.6
1772636754.4167755,Ananya,0.6,27.5,1505.6
1772636756.8319893,Ananya,0.3,27.5,1553.6
1772636758.006929,Ananya,0.1,27.5,1505.6
1772636758.4182687,Ananya,0.2,27.5,1509.6
1772636760.833298,Ananya,0.0,27.5,1557.7
1772636762.00823,Ananya,0.7,27.5,1509.6
1772636762.4198077,Ananya,0.7,27.5,1513.6
1772636764.8350062,Ananya,0.5,27.5,1561.7
1772636766.0096352,Ananya,0.1,27.5,1513.6
1772636766.4213307,Ananya,0.2,27.5,1517.6
1772636768.8373137,Ananya,0.1,27.5,1565.7
1772636770.0112598,Ananya,0.7,27.5,1517.6
1772636770.4226878,Ananya,0.6,27.5,1521.6
1772636772.8385098,Ananya,0.7,27.5,1569.7
1772636774.0127103,Ananya,0.1,27.5,1521.6
1772636774.4246264,Ananya,0.2,27.5,1525.6
1772636776.8398433,Ananya,0.1,27.5,1573.7
1772636778.013991,Ananya,0.3,27.5,1525.6
1772636778.4263542,Ananya,0.1,27.5,1529.6
1772636780.8413103,Ananya,0.1,27.5,1577.7
1772636782.01534,Ananya,0.3,27.5,1529.6
1772636782.428585,Ananya,0.7,27.5,1533.6
1772636784.842803,Ananya,0.5,27.5,1581.7
1772636786.0166137,Ananya,0.0,27.5,1533.6
1772636786.430203,Ananya,0.1,27.5,1537.6
1772636788.8443897,Ananya,0.1,27.5,1585.7
1772636790.018173,Ananya,0.6,27.5,1537.6
1772636790.4323673,Ananya,0.7,27.5,1541.6
1772636792.8456538,Ananya,0.6,27.5,1589.7
1772636794.0197656,Ananya,0.1,27.5,1541.6
1772636794.4348328,Ananya,0.2,27.5,1545.6
1772636796.84746,Ananya,0.1,27.5,1593.7
1772636798.021242,Ananya,0.6,27.5,1545.6
1772636798.4374464,Ananya,0.2,27.5,1549.6
1772636800.8491914,Ananya,0.0,27.4,1597.7
1772636802.0225666,Ananya,0.1,27.4,1549.6
1772636802.4389544,Ananya,0.8,27.4,1553.6
1772636804.8506424,Ananya,0.5,27.5,1601.7
1772636806.0243497,Ananya,0.1,27.4,1553.6
1772636806.4409397,Ananya,0.2,27.5,1557.6
1772636808.8524396,Ananya,0.1,27.5,1605.7
1772636810.0256023,Ananya,0.4,27.4,1557.6
1772636810.4426968,Ananya,0.5,27.5,1561.6
1772636812.853787,Ananya,0.6,27.5,1609.7
1772636814.0268476,Ananya,0.2,27.5,1561.6
1772636814.444944,Ananya,0.1,27.5,1565.6
1772636816.8555408,Ananya,0.1,27.5,1613.7
1772636818.0282383,Ananya,0.7,27.5,1565.6
1772636818.4471028,Ananya,0.2,27.5,1569.6
1772636820.8570235,Ananya,0.2,27.5,1617.7
1772636822.0298913,Ananya,0.0,27.5,1569.6
1772636822.4487805,Ananya,0.6,27.4,1573.6
1772636824.8582294,Ananya,0.3,27.4,1621.7
1772636826.0313356,Ananya,0.1,27.4,1573.6
1772636826.4504683,Ananya,0.2,27.4,1577.6
1772636828.8595257,Ananya,0.1,27.5,1625.7
1772636830.0326545,Ananya,0.7,27.5,1577.6
1772636830.4519312,Ananya,0.7,27.5,1581.6
1772636832.8614054,Ananya,0.4,27.5,1629.7
1772636834.0343053,Ananya,0.0,27.5,1581.6
1772636834.4538093,Ananya,0.2,27.5,1585.6
1772636836.863506,Ananya,0.0,27.5,1633.7
1772636838.0358164,Ananya,0.5,27.5,1585.6
1772636838.4558914,Ananya,0.2,27.5,1589.6
1772636840.8651748,Ananya,0.4,27.5,1637.7
1772636842.0372326,Ananya,0.2,27.5,1589.6
1772636842.457569,Ananya,0.7,27.5,1593.6
1772636844.8673873,Ananya,0.1,27.5,1641.7
1772636846.0387175,Ananya,0.2,27.5,1593.6
1772636846.4587064,Ananya,0.2,27.5,1597.6
1772636848.8697026,Ananya,0.0,27.5,1645.7
1772636850.0403337,Ananya,0.6,27.5,1597.6
1772636850.4601593,Ananya,0.6,27.5,1601.6
1772636852.8716452,Ananya,0.5,27.5,1649.7
1772636854.0414762,Ananya,0.1,27.4,1601.6
1772636854.4620752,Ananya,0.2,27.4,1605.6
1772636856.8735964,Ananya,0.0,27.5,1653.7
1772636858.043053,Ananya,0.7,27.5,1605.6
1772636858.4640057,Ananya,0.8,27.5,1609.7
1772636860.8754413,Ananya,0.4,27.5,1657.7
1772636862.0449398,Ananya,0.1,27.5,1609.6
1772636862.4656084,Ananya,0.2,27.5,1613.7
1772636864.8772533,Ananya,0.0,27.4,1661.7
1772636866.0463278,Ananya,0.7,27.5,1613.6
1772636866.4667933,Ananya,0.2,27.5,1617.7
1772636868.8788614,Ananya,0.0,27.5,1665.7
1772636870.0477164,Ananya,0.1,27.5,1617.6
1772636870.4684703,Ananya,0.9,27.5,1621.7
1772636872.880074,Ananya,0.9,27.5,1669.7
1772636874.0492315,Ananya,0.1,27.5,1621.6
1772636874.4704776,Ananya,0.2,27.5,1625.7
1772636876.882148,Ananya,0.0,27.5,1673.7
1772636878.0506196,Ananya,0.6,27.5,1625.6
1772636878.4718792,Ananya,0.7,27.5,1629.7
1772636880.8844638,Ananya,0.6,27.5,1677.7
1772636882.0520358,Ananya,0.1,27.5,1629.6
1772636882.4731946,Ananya,0.1,27.5,1633.7
1772636884.8863194,Ananya,0.0,27.5,1681.7
1772636886.0536997,Ananya,0.5,27.5,1633.6
1772636886.474525,Ananya,0.1,27.5,1637.7
1772636888.8876607,Ananya,0.1,27.5,1685.7
1772636890.0551767,Ananya,0.1,27.5,1637.6
1772636890.4767432,Ananya,0.7,27.5,1641.7
1772636892.8890707,Ananya,0.6,27.5,1689.7
1772636894.0565157,Ananya,0.1,27.5,1641.6
1772636894.4782286,Ananya,0.1,27.5,1645.7
1772636896.890362,Ananya,0.0,27.5,1693.7
1772636898.0580113,Ananya,0.6,27.5,1645.6
1772636898.4797022,Ananya,0.8,27.5,1649.7
1772636900.8919187,Ananya,0.6,27.5,1697.7
1772636902.0596235,Ananya,0.1,27.5,1649.6
1772636902.4809709,Ananya,0.1,27.5,1653.7
1772636904.893453,Ananya,0.1,27.5,1701.7
1772636906.0610602,Ananya,0.6,27.5,1653.6
1772636906.482768,Ananya,0.3,27.5,1657.7
1772636908.8951552,Ananya,0.6,27.5,1705.7
1772636910.062433,Ananya,0.1,27.5,1657.6
1772636910.4848716,Ananya,0.3,27.5,1661.7
1772636912.89692,Ananya,0.1,27.5,1709.7
1772636914.0638828,Ananya,0.4,27.5,1661.6
1772636914.486543,Ananya,0.3,27.5,1665.7
1772636916.89838,Ananya,0.1,27.5,1713.7
1772636918.0652182,Ananya,0.2,27.5,1665.6
1772636918.4888978,Ananya,5.8,27.5,1669.7
1772636920.900156,Ananya,0.6,27.5,1717.7
1772636922.066485,Ananya,0.1,27.5,1669.6
1772636922.49054,Ananya,0.2,27.5,1673.7
1772636924.901719,Ananya,0.0,27.5,1721.7
1772636926.0680184,Ananya,0.7,27.5,1673.6
1772636926.4926066,Ananya,0.8,27.5,1677.7
1772636928.9034445,Ananya,0.6,27.5,1725.7
1772636930.0692766,Ananya,0.1,27.5,1677.6
1772636930.49463,Ananya,0.1,27.5,1681.7
1772636932.9047146,Ananya,0.0,27.5,1729.7
1772636934.0706062,Ananya,0.6,27.5,1681.6
1772636934.4964576,Ananya,0.1,27.5,1685.7
1772636936.906103,Ananya,0.0,27.5,1733.7
1772636938.0723436,Ananya,0.1,27.5,1685.6
1772636938.4984636,Ananya,0.6,27.5,1689.7
1772636940.907771,Ananya,0.5,27.5,1737.7
1772636942.074418,Ananya,0.1,27.5,1689.6
1772636942.4998991,Ananya,0.3,27.5,1693.7
1772636944.9089386,Ananya,0.0,27.5,1741.7
1772636946.0757892,Ananya,0.8,27.5,1693.6
1772636946.5019748,Ananya,0.9,27.5,1697.7
1772636948.9107256,Ananya,0.6,27.5,1745.7
1772636950.0770638,Ananya,0.2,27.5,1697.6
1772636950.5044544,Ananya,0.3,27.5,1701.7
1772636952.912395,Ananya,0.0,27.5,1749.7
1772636954.0784144,Ananya,0.9,27.5,1701.6
1772636954.506232,Ananya,0.6,27.5,1705.7
1772636956.9136653,Ananya,0.6,27.5,1753.7
1772636958.0794864,Ananya,0.1,27.5,1705.6
1772636958.5079036,Ananya,0.2,27.5,1709.7
1772636960.915617,Ananya,0.1,27.5,1757.7
1772636962.0808659,Ananya,0.6,27.5,1709.6
1772636962.5096252,Ananya,0.2,27.5,1713.7
1772636964.9170012,Ananya,0.0,27.5,1761.7
1772636966.0822217,Ananya,0.1,27.5,1713.6
1772636966.511626,Ananya,0.8,27.5,1717.7
1772636968.9185567,Ananya,0.6,27.5,1765.7
1772636970.0836844,Ananya,0.2,27.5,1717.6
1772636970.513182,Ananya,0.2,27.5,1721.7
1772636972.9201863,Ananya,0.0,27.5,1769.7
1772636974.0853062,Ananya,0.6,27.5,1721.6
1772636974.5152128,Ananya,0.7,27.5,1725.7
1772636976.921531,Ananya,0.5,27.5,1773.7
1772636978.0868182,Ananya,0.2,27.5,1725.6
1772636978.5168257,Ananya,0.2,27.5,1729.7
1772636980.923298,Ananya,0.0,27.5,1777.7
1772636982.0884523,Ananya,0.6,27.5,1729.6
1772636982.5185308,Ananya,0.2,27.5,1733.7
1772636984.9249518,Ananya,0.0,27.5,1781.7
1772636986.0899909,Ananya,0.1,27.5,1733.6
1772636986.51979,Ananya,0.7,27.4,1737.7
1772636988.9265702,Ananya,1.0,27.5,1785.7
1772636990.091446,Ananya,0.6,27.5,1737.6
1772636990.5216827,Ananya,0.3,27.5,1741.7
1772636992.9277542,Ananya,0.1,27.5,1789.7
1772636994.0933223,Ananya,0.6,27.5,1741.6
1772636994.5235455,Ananya,0.7,27.5,1745.7
1772636996.9292843,Ananya,0.5,27.5,1793.7
1772636998.0947955,Ananya,0.1,27.5,1745.6
1772636998.5256848,Ananya,0.1,27.5,1749.7
1772637000.9309483,Ananya,0.0,27.5,1797.7
1772637002.0960784,Ananya,0.6,27.5,1749.7
1772637002.5275936,Ananya,0.4,27.5,1753.7
1772637004.932049,Ananya,0.6,27.5,1801.8
1772637006.0977807,Ananya,0.1,27.5,1753.7
1772637006.5293891,Ananya,0.3,27.5,1757.7
1772637008.933972,Ananya,0.0,27.5,1805.8
1772637010.0991611,Ananya,0.4,27.5,1757.7
1772637010.530784,Ananya,0.2,27.5,1761.7
1772637012.9356067,Ananya,0.0,27.5,1809.8
1772637014.1007562,Ananya,0.4,27.5,1761.7
1772637014.5327077,Ananya,0.8,27.5,1765.7
1772637016.9374485,Ananya,0.5,27.5,1813.8
1772637018.1022434,Ananya,0.1,27.5,1765.7
1772637018.5347254,Ananya,0.1,27.5,1769.7
1772637020.9392471,Ananya,0.1,27.5,1817.8
1772637022.1038756,Ananya,0.7,27.5,1769.7
1772637022.5361772,Ananya,0.8,27.5,1773.7
1772637024.9411807,Ananya,0.6,27.5,1821.8
1772637026.1054475,Ananya,0.1,27.5,1773.7
1772637026.5381658,Ananya,0.1,27.5,1777.7
1772637028.9430618,Ananya,0.0,27.5,1825.8
1772637030.1068075,Ananya,0.7,27.5,1777.7
1772637030.5400274,Ananya,0.2,27.5,1781.7
1772637032.9451308,Ananya,0.0,27.5,1829.8
1772637034.1083279,Ananya,0.0,27.5,1781.7
1772637034.5419462,Ananya,0.7,27.5,1785.7
1772637036.9466355,Ananya,0.5,27.5,1833.8
1772637038.1096795,Ananya,0.1,27.5,1785.7
1772637038.5434844,Ananya,0.2,27.5,1789.7
1772637040.947839,Ananya,0.1,27.5,1837.8
1772637042.1109521,Ananya,0.7,27.5,1789.7
1772637042.5454035,Ananya,0.7,27.5,1793.7
1772637044.9492471,Ananya,0.5,27.5,1841.8
1772637046.1122985,Ananya,0.1,27.5,1793.7
1772637046.5469453,Ananya,0.1,27.5,1797.7
1772637048.9511676,Ananya,0.0,27.5,1845.8
1772637050.11366,Ananya,0.6,27.5,1797.7
1772637050.5489066,Ananya,0.4,27.5,1801.7
1772637052.953025,Ananya,0.6,27.5,1849.8
1772637054.115152,Ananya,0.2,27.5,1801.7
1772637054.5507996,Ananya,0.2,27.5,1805.7
1772637056.9543993,Ananya,0.0,27.5,1853.8
1772637058.1168292,Ananya,0.5,27.5,1805.7
1772637058.552076,Ananya,0.2,27.5,1809.7
1772637060.956237,Ananya,0.0,27.5,1857.8
1772637062.1182897,Ananya,0.0,27.5,1809.7
1772637062.553866,Ananya,0.6,27.5,1813.7
1772637064.9575772,Ananya,0.6,27.6,1861.8
1772637066.1197739,Ananya,0.1,27.6,1813.7
1772637066.5556588,Ananya,0.2,27.6,1817.7
1772637068.9588885,Ananya,0.1,27.6,1865.8
1772637070.1211958,Ananya,0.7,27.6,1817.7
1772637070.5574946,Ananya,0.7,27.6,1821.7
1772637072.960659,Ananya,0.6,27.6,1869.8
1772637074.12242,Ananya,0.1,27.6,1821.7
1772637074.5595398,Ananya,0.2,27.6,1825.7
1772637076.9620552,Ananya,0.0,27.6,1873.8
1772637078.1237574,Ananya,0.7,27.6,1825.7
1772637078.5616171,Ananya,0.2,27.6,1829.7
1772637080.963723,Ananya,0.2,27.6,1877.8
1772637082.125207,Ananya,0.1,27.6,1829.7
1772637082.563444,Ananya,0.8,27.6,1833.7
1772637084.9654737,Ananya,0.2,27.6,1881.8
1772637086.1263769,Ananya,0.2,27.5,1833.7
1772637086.5647304,Ananya,0.2,27.5,1837.8
1772637088.9665337,Ananya,0.0,27.5,1885.8
1772637090.127974,Ananya,0.7,27.6,1837.7
1772637090.566412,Ananya,0.7,27.5,1841.8
1772637092.9681385,Ananya,0.6,27.5,1889.8
1772637094.1291957,Ananya,0.0,27.5,1841.7
1772637094.56771,Ananya,0.1,27.5,1845.8
1772637096.9695373,Ananya,0.0,27.6,1893.8
1772637098.1305466,Ananya,0.6,27.6,1845.7
1772637098.5693195,Ananya,0.8,27.5,1849.8
1772637100.9712071,Ananya,0.5,27.5,1897.8
1772637102.1319616,Ananya,0.1,27.5,1849.7
1772637102.571227,Ananya,0.2,27.5,1853.8
1772637104.9730167,Ananya,0.0,27.5,1901.8
1772637106.1334717,Ananya,0.6,27.5,1853.7
1772637106.573157,Ananya,0.1,27.6,1857.8
1772637108.9748187,Ananya,0.0,27.6,1905.8
1772637110.1353774,Ananya,0.1,27.5,1857.7
1772637110.5747144,Ananya,0.7,27.5,1861.8
1772637112.9766824,Ananya,0.5,27.5,1909.8
1772637114.1368275,Ananya,0.1,27.5,1861.7
1772637114.576916,Ananya,0.1,27.5,1865.8
1772637116.978444,Ananya,0.0,27.5,1913.8
1772637118.1380427,Ananya,0.5,27.5,1865.7
1772637118.5786653,Ananya,0.5,27.5,1869.8
1772637120.9801795,Ananya,0.5,27.5,1917.8
1772637122.1390505,Ananya,0.1,27.5,1869.7
1772637122.579972,Ananya,0.1,27.5,1873.8
1772637124.9827104,Ananya,0.0,27.5,1921.8
1772637126.140534,Ananya,0.7,27.5,1873.7
1772637126.5820212,Ananya,0.2,27.5,1877.8
1772637128.9847238,Ananya,0.4,27.6,1925.8
1772637130.1418347,Ananya,0.1,27.6,1877.7
1772637130.5833778,Ananya,0.4,27.6,1881.8
1772637132.9864542,Ananya,0.0,27.5,1929.8
1772637134.1433446,Ananya,0.1,27.5,1881.7
1772637134.584836,Ananya,0.3,27.5,1885.8
1772637136.9878798,Ananya,0.1,27.5,1933.8
1772637138.1446755,Ananya,0.5,27.5,1885.7
1772637138.5873587,Ananya,0.7,27.5,1889.8
1772637140.989559,Ananya,0.5,27.5,1937.8
1772637142.1461816,Ananya,0.1,27.5,1889.7
1772637142.588894,Ananya,0.2,27.5,1893.8
1772637144.9919143,Ananya,0.0,27.5,1941.8
1772637146.1476102,Ananya,0.6,27.5,1893.7
1772637146.5901656,Ananya,0.6,27.5,1897.8
1772637148.9939485,Ananya,0.5,27.5,1945.8
1772637150.1490772,Ananya,0.1,27.5,1897.7
1772637150.591765,Ananya,0.1,27.5,1901.8
1772637152.9957995,Ananya,0.0,27.5,1949.8
1772637154.1506777,Ananya,0.6,27.5,1901.7
1772637154.5930796,Ananya,0.3,27.5,1905.8
1772637156.9972541,Ananya,0.0,27.5,1953.8
1772637158.1521103,Ananya,0.2,27.5,1905.7
1772637158.5946171,Ananya,0.8,27.5,1909.8
1772637160.9991448,Ananya,0.8,27.5,1957.8
1772637162.1535373,Ananya,0.1,27.5,1909.7
1772637162.5960402,Ananya,0.2,27.5,1913.8
1772637165.0008047,Ananya,0.0,27.5,1961.8
1772637166.1553514,Ananya,0.7,27.5,1913.7
1772637166.5982213,Ananya,0.8,27.5,1917.8
1772637169.0027535,Ananya,0.5,27.5,1965.8
1772637170.157002,Ananya,0.1,27.5,1917.7
1772637170.6009252,Ananya,0.2,27.5,1921.8
1772637173.0049813,Ananya,0.0,27.6,1969.8
1772637174.158569,Ananya,0.7,27.5,1921.7
1772637174.6021547,Ananya,0.4,27.6,1925.8
1772637177.006343,Ananya,0.6,27.5,1973.8
1772637178.1599116,Ananya,0.1,27.5,1925.7
1772637178.603535,Ananya,0.2,27.5,1929.8
1772637181.0080566,Ananya,0.0,27.5,1977.8
1772637182.161466,Ananya,0.5,27.5,1929.7
1772637182.60557,Ananya,0.1,27.5,1933.8
1772637185.0093296,Ananya,0.0,27.5,1981.8
1772637186.1627471,Ananya,0.0,27.5,1933.7
1772637186.6076543,Ananya,0.8,27.5,1937.8
1772637189.0105462,Ananya,0.5,27.5,1985.8
1772637190.1644032,Ananya,0.2,27.5,1937.7
1772637190.610387,Ananya,0.2,27.5,1941.8
1772637193.0129077,Ananya,0.0,27.5,1989.8
1772637194.1660113,Ananya,0.6,27.5,1941.7
1772637194.6125329,Ananya,0.6,27.5,1945.8
1772637197.0145411,Ananya,0.6,27.5,1993.8
1772637198.1673343,Ananya,0.1,27.5,1945.7
1772637198.6145203,Ananya,0.4,27.5,1949.8
1772637201.0165312,Ananya,0.1,27.5,1997.8
1772637202.1688168,Ananya,0.7,27.5,1949.7
1772637202.6159792,Ananya,0.2,27.5,1953.8
1772637205.0182402,Ananya,0.2,27.5,2001.8
1772637206.170215,Ananya,0.1,27.5,1953.7
1772637206.6185138,Ananya,0.6,27.5,1957.8
1772637209.0200295,Ananya,0.2,27.5,2005.8
1772637210.1716616,Ananya,0.1,27.5,1957.7
1772637210.62002,Ananya,0.2,27.5,1961.8
1772637213.021598,Ananya,0.1,27.5,2009.8
1772637214.1729558,Ananya,0.5,27.5,1961.7
1772637214.6221056,Ananya,0.6,27.5,1965.8
1772637217.0232377,Ananya,0.5,27.5,2013.8
1772637218.1743972,Ananya,0.1,27.5,1965.7
1772637218.6237757,Ananya,0.4,27.5,1969.8
1772637221.0254385,Ananya,0.0,27.5,2017.8
1772637222.1760988,Ananya,0.7,27.5,1969.7
1772637222.625342,Ananya,0.7,27.5,1973.8
1772637225.0273416,Ananya,0.5,27.5,2021.8
1772637226.177562,Ananya,0.1,27.5,1973.7
1772637226.6272793,Ananya,0.2,27.5,1977.8
1772637229.0293095,Ananya,0.0,27.5,2025.8
1772637230.1789443,Ananya,0.7,27.5,1977.7
1772637230.62952,Ananya,0.2,27.5,1981.8
1772637233.0306294,Ananya,0.0,27.5,2029.8
1772637234.1802049,Ananya,0.1,27.5,1981.7
1772637234.630934,Ananya,0.9,27.5,1985.8
1772637237.0320954,Ananya,0.6,27.5,2033.9
1772637238.1815722,Ananya,0.1,27.5,1985.7
1772637238.6322455,Ananya,0.4,27.5,1989.8
1772637241.0335906,Ananya,0.1,27.5,2037.9
1772637242.1831512,Ananya,0.6,27.5,1989.7
1772637242.6338415,Ananya,0.7,27.5,1993.8
1772637245.0352647,Ananya,0.7,27.5,2041.9
1772637246.184294,Ananya,0.1,27.5,1993.7
1772637246.6352663,Ananya,0.2,27.5,1997.8
1772637249.0369852,Ananya,0.1,27.5,2045.9
1772637250.1855423,Ananya,0.6,27.5,1997.7
1772637250.6371992,Ananya,0.4,27.5,2001.8
1772637253.0388308,Ananya,0.5,27.5,2049.9
1772637254.186864,Ananya,0.1,27.5,2001.7
1772637254.6392863,Ananya,0.2,27.5,2005.8
1772637257.0407815,Ananya,0.0,27.5,2053.9
1772637258.188347,Ananya,0.3,27.5,2005.7
1772637258.64092,Ananya,0.2,27.5,2009.8
1772637261.0425844,Ananya,0.0,27.5,2057.9
1772637262.1899605,Ananya,0.1,27.5,2009.7
1772637262.6428,Ananya,0.7,27.5,2013.8
1772637265.0441906,Ananya,0.5,27.5,2061.9
1772637266.1913724,Ananya,0.2,27.5,2013.7
1772637266.645183,Ananya,0.3,27.5,2017.8
1772637269.0461485,Ananya,0.0,27.5,2065.9
1772637270.192754,Ananya,0.5,27.5,2017.7
1772637270.6467915,Ananya,0.4,27.5,2021.8
1772637273.0477648,Ananya,0.6,27.5,2069.9
1772637274.1944852,Ananya,0.2,27.5,2021.7
1772637274.6482491,Ananya,0.2,27.5,2025.8
1772637277.069311,Ananya,0.7,27.0,2073.9
1772637278.196102,Ananya,2.6,27.2,2025.8
1772637278.6500807,Ananya,2.1,27.3,2029.8
1772637281.071339,Ananya,0.0,27.3,2093.7
1772637297.9904156,Ananya,0.4,27.3,2045.5
1772637298.4449468,Ananya,0.8,27.3,2049.6
1772637300.8661675,Ananya,0.5,27.2,2097.7
1772637301.9919765,Ananya,0.1,27.2,2049.5
1772637302.4466474,Ananya,0.3,27.2,2053.6
1772637304.867454,Ananya,0.1,27.2,2101.7
1772637305.9937615,Ananya,0.5,27.3,2053.5
1772637306.448219,Ananya,0.7,27.2,2057.6
1772637308.8688073,Ananya,0.6,27.2,2105.7
1772637309.995162,Ananya,0.1,27.2,2057.5
1772637310.4495919,Ananya,0.1,27.2,2061.6
1772637312.870163,Ananya,0.0,27.3,2109.7
1772637313.9963686,Ananya,1.1,27.2,2061.6
1772637314.4509747,Ananya,1.0,27.2,2065.6
1772637316.871404,Ananya,0.7,27.3,2113.7
1772637317.9979498,Ananya,0.0,27.3,2065.6
1772637318.4527333,Ananya,0.2,27.3,2069.6
1772637320.8728023,Ananya,0.0,27.2,2117.7
1772637321.9995117,Ananya,0.8,27.3,2069.6
1772637322.4540634,Ananya,0.2,27.3,2073.6
1772637324.8743756,Ananya,0.6,27.3,2121.7
1772637326.0011885,Ananya,0.1,27.3,2073.6
1772637326.4554,Ananya,0.5,27.3,2077.6
1772637328.8757882,Ananya,0.0,27.3,2125.7
1772637330.0024025,Ananya,0.5,27.3,2077.6
1772637330.4568384,Ananya,0.2,27.3,2081.6
1772637332.8772185,Ananya,0.1,27.3,2129.7
1772637334.0036285,Ananya,0.1,27.3,2081.6
1772637334.4584925,Ananya,0.7,27.3,2085.6
1772637336.8784468,Ananya,0.6,27.3,2133.7
1772637338.005022,Ananya,0.1,27.3,2085.6
1772637338.4605303,Ananya,0.2,27.3,2089.6
1772637340.8804991,Ananya,0.2,27.3,2137.7
1772637342.006458,Ananya,0.7,27.3,2089.6
1772637342.4623396,Ananya,0.8,27.3,2093.6
1772637344.8819442,Ananya,0.8,27.3,2141.7
1772637346.0081086,Ananya,0.1,27.3,2093.6
1772637346.4635882,Ananya,0.3,27.3,2097.6
1772637348.8838825,Ananya,0.0,27.3,2145.7
1772637350.0094807,Ananya,0.6,27.3,2097.6
1772637350.4651146,Ananya,0.2,27.3,2101.7
1772637352.885874,Ananya,0.5,27.3,2149.7
1772637354.0110133,Ananya,0.1,27.3,2101.6
1772637354.4663615,Ananya,0.2,27.3,2105.7
1772637356.887189,Ananya,0.0,27.3,2153.7
1772637358.0125158,Ananya,0.7,27.3,2105.6
1772637358.4681594,Ananya,0.2,27.3,2109.7
1772637360.8888266,Ananya,0.1,27.3,2157.7
1772637362.0141754,Ananya,0.2,27.3,2109.6
1772637362.4699757,Ananya,0.9,27.3,2113.7
1772637364.890386,Ananya,0.6,27.3,2161.7
1772637366.0157943,Ananya,0.1,27.3,2113.6
1772637366.471867,Ananya,0.2,27.3,2117.7
1772637368.8920667,Ananya,0.0,27.3,2165.7
1772637370.0172005,Ananya,0.6,27.4,2117.6
1772637370.4742436,Ananya,0.6,27.4,2121.7
1772637372.893748,Ananya,0.6,27.3,2169.7
1772637374.0185263,Ananya,0.2,27.3,2121.6
1772637374.476115,Ananya,1.4,27.3,2125.7
1772637376.8954651,Ananya,0.0,27.3,2173.7
1772637378.020112,Ananya,0.6,27.3,2125.6
1772637378.4777222,Ananya,0.6,27.3,2129.7
1772637380.8968797,Ananya,0.6,27.3,2177.7
1772637382.0216155,Ananya,0.1,27.3,2129.6
1772637382.4795964,Ananya,0.2,27.3,2133.7
1772637384.8980446,Ananya,0.1,27.3,2181.7
1772637386.0234377,Ananya,0.5,27.3,2133.6
1772637386.4817853,Ananya,0.2,27.3,2137.7
1772637388.8995156,Ananya,0.0,27.3,2185.7
1772637390.0250425,Ananya,0.1,27.3,2137.6
1772637390.4834132,Ananya,0.8,27.3,2141.7
1772637392.9012818,Ananya,0.7,27.3,2189.7
1772637394.026828,Ananya,0.1,27.3,2141.6
1772637394.4860744,Ananya,0.1,27.3,2145.7
1772637396.9031236,Ananya,0.1,27.3,2193.7
1772637398.0280354,Ananya,0.7,27.3,2145.6
1772637398.487593,Ananya,0.7,27.3,2149.7
1772637400.9042554,Ananya,0.8,27.3,2197.7
1772637402.0294766,Ananya,0.2,27.3,2149.6
1772637402.4898493,Ananya,0.2,27.3,2153.7
1772637404.9057384,Ananya,0.1,27.3,2201.7
1772637406.030974,Ananya,0.7,27.3,2153.6
1772637406.491608,Ananya,0.4,27.3,2157.7
1772637408.9068716,Ananya,0.5,27.3,2205.7
1772637410.0320876,Ananya,0.1,27.3,2157.6
1772637410.4933233,Ananya,0.2,27.3,2161.7
1772637412.90822,Ananya,0.0,27.3,2209.7
1772637414.0335007,Ananya,0.9,27.3,2161.6
1772637414.4944444,Ananya,0.3,27.3,2165.7
1772637416.9099543,Ananya,0.0,27.3,2213.7
1772637418.0352256,Ananya,0.0,27.3,2165.6
1772637418.4964454,Ananya,0.7,27.3,2169.7
1772637420.9114358,Ananya,0.7,27.3,2217.7
1772637422.036754,Ananya,0.0,27.3,2169.6
1772637422.4980185,Ananya,0.1,27.3,2173.7
1772637424.9128404,Ananya,0.0,27.3,2221.7
1772637426.0380955,Ananya,0.9,27.3,2173.6
1772637426.4998426,Ananya,0.8,27.3,2177.7
1772637428.914947,Ananya,0.5,27.3,2225.7
1772637430.0395327,Ananya,0.1,27.3,2177.6
1772637430.5012155,Ananya,0.2,27.3,2181.7
1772637432.9160852,Ananya,0.0,27.3,2229.7
1772637434.0408123,Ananya,0.7,27.3,2181.6
1772637434.5026658,Ananya,0.3,27.3,2185.7
1772637436.9176493,Ananya,0.5,27.3,2233.7
1772637438.0418756,Ananya,0.1,27.3,2185.6
1772637438.5039988,Ananya,0.3,27.3,2189.7
1772637440.9188232,Ananya,0.0,27.3,2237.7
1772637442.043338,Ananya,0.5,27.3,2189.6
1772637442.5054188,Ananya,0.1,27.3,2193.7
1772637444.9201746,Ananya,0.1,27.3,2241.7
1772637446.0445786,Ananya,0.1,27.3,2193.6
1772637446.5067656,Ananya,0.8,27.3,2197.7
1772637448.9216409,Ananya,0.6,27.3,2245.7
1772637450.0460315,Ananya,0.1,27.3,2197.6
1772637450.5081453,Ananya,0.1,27.3,2201.7
1772637452.9230587,Ananya,0.0,27.3,2249.7
1772637454.0474467,Ananya,0.7,27.3,2201.6
1772637454.5093744,Ananya,0.9,27.3,2205.7
1772637456.9242163,Ananya,1.5,27.3,2253.7
1772637458.0487716,Ananya,1.0,27.3,2205.6
1772637458.5108392,Ananya,0.8,27.4,2209.7
1772637460.925348,Ananya,0.7,27.3,2257.7
1772637462.0499701,Ananya,0.8,27.3,2209.6
1772637462.511919,Ananya,0.2,27.3,2213.7
1772637464.9264576,Ananya,0.3,27.4,2261.7
1772637466.0513604,Ananya,0.1,27.4,2213.6
1772637466.5139494,Ananya,0.7,27.4,2217.7
1772637468.927812,Ananya,0.4,27.2,2265.7
1772637470.5151389,Ananya,0.2,27.2,2221.7
1772637472.9292238,Ananya,0.1,27.2,2269.7
1772637474.5162423,Ananya,0.9,27.2,2225.7
1772637476.9303248,Ananya,0.6,27.2,2273.7
1772637478.5175798,Ananya,0.1,27.2,2229.7
1772637480.931582,Ananya,0.1,27.2,2277.7
1772637482.5192227,Ananya,0.6,27.2,2233.7
1772637484.9334543,Ananya,0.5,27.2,2281.8
1772637486.52053,Ananya,0.1,27.2,2237.7
1772637488.9350917,Ananya,0.0,27.2,2285.8
1772637490.5221486,Ananya,0.0,27.3,2241.7
1772637492.9369326,Ananya,0.0,27.2,2289.8
1772637494.523818,Ananya,0.8,27.2,2245.7
1772637496.9386497,Ananya,0.4,27.2,2293.8
1772637498.5251918,Ananya,0.0,27.3,2249.7
1772637500.9398508,Ananya,0.1,27.2,2297.8
1772637502.5267794,Ananya,0.7,27.2,2253.7
1772637504.941682,Ananya,0.7,27.2,2301.8
1772637506.5279908,Ananya,0.2,27.2,2257.7
1772637508.9431438,Ananya,0.0,27.2,2305.8
1772637510.529307,Ananya,0.6,27.2,2261.7
1772637512.9446027,Ananya,0.6,27.2,2309.8
1772637514.5306406,Ananya,0.0,27.2,2265.7
1772637516.9459987,Ananya,0.1,27.2,2313.8
1772637518.5317922,Ananya,0.0,27.2,2269.7
1772637520.947071,Ananya,0.1,27.2,2317.8
1772637522.5334446,Ananya,0.6,27.2,2273.7
1772637524.9484577,Ananya,0.6,27.3,2321.8
1772637526.5349264,Ananya,0.1,27.2,2277.7
1772637528.9498537,Ananya,0.0,27.3,2325.8
1772637530.5363233,Ananya,0.5,27.3,2281.7
1772637532.9511015,Ananya,0.5,27.2,2329.8
1772637534.5375147,Ananya,0.2,27.3,2285.7
1772637536.9525688,Ananya,0.1,27.2,2333.8
1772637538.539073,Ananya,0.1,27.2,2289.7
1772637540.9540975,Ananya,0.2,27.2,2337.8
1772637542.5406005,Ananya,0.5,27.3,2293.7
1772637544.9560304,Ananya,0.0,27.2,2341.8
1772637546.542041,Ananya,0.1,27.2,2297.7
1772637548.9579232,Ananya,0.0,27.2,2345.8
1772637550.5436578,Ananya,0.6,27.3,2301.7
1772637552.9592185,Ananya,0.6,27.2,2349.8
1772637554.545513,Ananya,0.0,27.2,2305.7
1772637556.9605193,Ananya,0.1,27.3,2353.8
1772637558.5475333,Ananya,0.6,27.3,2309.7
1772637560.9618583,Ananya,0.6,27.2,2357.8
1772637562.5487587,Ananya,0.0,27.2,2313.7
1772637564.9631567,Ananya,0.1,27.2,2361.8
1772637566.550245,Ananya,0.0,27.2,2317.7
1772637568.9644532,Ananya,0.0,27.2,2365.8
1772637570.5518858,Ananya,0.6,27.2,2321.7
1772637572.9661853,Ananya,0.6,27.2,2369.8
1772637574.5534043,Ananya,0.0,27.2,2325.7
1772637576.9676747,Ananya,0.1,27.2,2373.8
1772637578.5547585,Ananya,0.6,27.2,2329.7
1772637580.9695518,Ananya,0.5,27.2,2377.8
1772637582.5568275,Ananya,0.1,27.2,2333.7
1772637584.970965,Ananya,0.1,27.2,2381.8
1772637586.5583746,Ananya,0.0,27.2,2337.7
1772637588.97233,Ananya,0.6,27.3,2385.8
1772637590.5596614,Ananya,0.2,27.2,2341.7
1772637592.973915,Ananya,0.1,27.2,2389.8
1772637594.5608702,Ananya,0.2,27.2,2345.7
1772637596.9756355,Ananya,0.1,27.2,2393.8
1772637598.5619802,Ananya,0.7,27.2,2349.7
1772637600.9772174,Ananya,0.8,27.2,2397.8
1772637602.5634465,Ananya,0.0,27.2,2353.7
1772637604.9786675,Ananya,0.0,27.2,2401.8
1772637606.5648985,Ananya,0.7,27.2,2357.8
1772637608.980189,Ananya,0.5,27.3,2405.8
1772637610.5662909,Ananya,0.0,27.3,2361.8
1772637612.9817138,Ananya,0.0,27.3,2409.8
